id	rate
1001	22897.0724718
1003	24266.9960718
1005	20645.5148718
1007	23303.9804718
1009	23303.9804718
1011	21269.4404718
1013	20645.5148718
1015	21798.4208718
1017	20971.0412718
1019	21201.6224718
1021	20889.6596718
1023	21730.6028718
1025	20740.4600718
1027	20550.5696718
1029	20781.1508718
1031	21120.2408718
1033	21554.2760718
1035	20713.3328718
1037	21269.4404718
1039	20726.8964718
1041	20564.1332718
1043	21201.6224718
1045	20808.2780718
1047	20469.1880718
1049	20971.0412718
1051	22897.0724718
1053	21269.4404718
1055	21011.7320718
1057	21269.4404718
1059	20550.5696718
1061	20767.5872718
1063	23154.7808718
1065	23154.7808718
1067	20767.5872718
1069	20767.5872718
1071	21269.4404718
1073	23303.9804718
1075	21269.4404718
1077	21554.2760718
1079	21608.5304718
1081	22056.1292718
1083	22381.6556718
1085	22897.0724718
1087	20469.1880718
1089	22381.6556718
1091	20916.7868718
1093	21093.1136718
1095	20591.2604718
1097	23602.3796718
1099	21269.4404718
1101	22897.0724718
1103	21608.5304718
1105	20713.3328718
1107	20469.1880718
1109	21269.4404718
1111	21364.3856718
1113	22869.9452718
1115	23303.9804718
1117	23303.9804718
1119	21269.4404718
1121	20469.1880718
1123	20957.4776718
1125	23154.7808718
1127	21133.8044718
1129	21269.4404718
1131	20469.1880718
1133	21269.4404718
2013	23115.5302377
2016	29352.5782377
2020	27101.8174377
2050	26830.6414377
2060	25095.1150377
2068	22247.7670377
2070	26762.8474377
2090	28254.3154377
2100	23956.1758377
2105	22274.8846377
2110	27169.6114377
2122	23915.4994377
2130	25013.7622377
2150	26057.7898377
2164	23088.4126377
2170	26044.2310377
2180	28593.2854377
2185	25664.5846377
2188	28010.2570377
2195	23264.6770377
2198	22234.2082377
2220	26328.9658377
2230	27766.1986377
2240	24444.2926377
2261	24281.5870377
2270	23264.6770377
2275	23468.0590377
2282	22532.5018377
2290	22952.8246377
4001	21548.3060538
4003	24138.6969498
4005	26227.2843738
4007	22443.4149498
4009	22511.2262298
4011	21548.3060538
4012	21805.9889178
4013	25657.6696218
4015	23121.5277498
4017	21792.4266618
4019	23745.3915258
4021	25657.6696218
4023	22429.8526938
4025	23569.0821978
4027	23501.2709178
5001	20170.3723441
5003	19966.9453441
5005	20400.9229441
5007	21567.2377441
5009	19966.9453441
5011	19966.9453441
5013	19966.9453441
5015	20834.9005441
5017	19994.0689441
5019	20170.3723441
5021	19966.9453441
5023	20509.4173441
5025	20970.5185441
5027	19966.9453441
5029	20550.1027441
5031	21079.0129441
5033	20550.1027441
5035	23262.4627441
5037	20604.3499441
5039	20753.5297441
5041	19966.9453441
5043	19966.9453441
5045	22679.3053441
5047	19966.9453441
5049	19966.9453441
5051	22231.7659441
5053	20753.5297441
5055	20550.1027441
5057	20563.6645441
5059	20753.5297441
5061	19966.9453441
5063	20048.3161441
5065	19966.9453441
5067	19966.9453441
5069	20970.5185441
5071	20197.4959441
5073	19966.9453441
5075	19966.9453441
5077	20753.5297441
5079	20970.5185441
5081	20550.1027441
5083	19966.9453441
5085	22679.3053441
5087	21567.2377441
5089	19966.9453441
5091	22109.7097441
5093	19966.9453441
5095	19966.9453441
5097	19966.9453441
5099	19966.9453441
5101	19966.9453441
5103	20238.1813441
5105	22679.3053441
5107	19966.9453441
5109	20156.8105441
5111	20156.8105441
5113	20211.0577441
5115	20305.9903441
5117	20753.5297441
5119	22679.3053441
5121	19966.9453441
5123	20753.5297441
5125	22679.3053441
5127	19966.9453441
5129	19966.9453441
5131	20550.1027441
5133	20373.7993441
5135	19966.9453441
5137	19966.9453441
5139	20550.1027441
5141	20753.5297441
5143	21567.2377441
5145	20197.4959441
5147	19966.9453441
5149	19966.9453441
6001	32215.9023348
6003	24350.4063348
6005	25706.5263348
6007	23957.1315348
6009	25177.6395348
6011	23333.3163348
6013	32215.9023348
6015	23916.4479348
6017	26777.8611348
6019	24079.1823348
6021	23455.3671348
6023	25109.8335348
6025	23685.9075348
6027	26167.6071348
6029	23645.2239348
6031	24106.3047348
6033	23984.2539348
6035	24662.3139348
6037	29883.3759348
6039	23062.0923348
6041	36230.0175348
6043	22953.6027348
6045	24716.5587348
6047	23387.5611348
6049	22478.9607348
6051	29517.2235348
6053	28486.5723348
6055	29530.7847348
6057	25909.9443348
6059	32988.8907348
6061	26777.8611348
6063	24553.8243348
6065	27157.5747348
6067	26777.8611348
6069	27184.6971348
6071	27157.5747348
6073	29191.7547348
6075	36230.0175348
6077	24811.4871348
6079	27957.6855348
6081	36230.0175348
6083	31429.3527348
6085	32731.2279348
6087	31198.8123348
6089	25340.3739348
6091	23862.2031348
6093	23577.4179348
6095	27781.3899348
6097	28161.1035348
6099	24825.0483348
6101	23563.8567348
6103	23618.1015348
6105	24770.8035348
6107	23007.8475348
6109	24662.3139348
6111	30141.0387348
6113	26276.0967348
6115	23563.8567348
8001	25396.0071887
8003	22615.3142087
8005	25396.0071887
8007	22967.9874647
8009	22615.3142087
8011	21720.0667127
8013	28244.5219487
8014	25396.0071887
8015	22316.8983767
8017	21720.0667127
8019	25396.0071887
8021	22615.3142087
8023	22615.3142087
8025	21720.0667127
8027	21720.0667127
8029	22954.4231087
8031	25396.0071887
8033	22615.3142087
8035	25396.0071887
8037	27308.5813847
8039	25396.0071887
8041	23768.2844687
8043	22818.7795487
8045	26562.5418047
8047	25396.0071887
8049	24256.6012847
8051	24283.7299967
8053	24337.9874207
8055	22316.8983767
8057	22588.1854967
8059	25396.0071887
8061	21991.3538327
8063	21720.0667127
8065	25165.4131367
8067	25382.4428327
8069	25423.1359007
8071	22194.8191727
8073	22642.4429207
8075	21774.3241367
8077	23130.7597367
8079	23578.3834847
8081	23198.5815167
8083	22615.3142087
8085	22954.4231087
8087	22194.8191727
8089	21720.0667127
8091	25490.9576807
8093	25396.0071887
8095	22032.0469007
8097	28678.5813407
8099	21720.0667127
8101	22520.3637167
8103	22520.3637167
8105	22615.3142087
8107	27213.6308927
8109	22615.3142087
8111	23768.2844687
8113	27729.0764207
8115	22615.3142087
8117	28827.7892567
8119	24677.0963207
8121	21801.4528487
8123	22805.2151927
8125	21720.0667127
10001	25071.1673586
10003	27430.8579186
10005	23009.8284786
11001	31682.2985569
12001	24104.7418647
12003	23196.3022647
12005	24687.7702647
12007	22111.5982647
12009	24267.4474647
12011	28280.8522647
12013	21989.5690647
12015	23955.5950647
12017	22775.9794647
12019	25379.2690647
12021	25786.0330647
12023	23616.6250647
12027	22314.9802647
12029	22111.5982647
12031	25379.2690647
12033	24321.6826647
12035	25216.5634647
12037	22870.8910647
12039	25053.8578647
12041	24104.7418647
12043	22640.3914647
12045	22911.5674647
12047	21989.5690647
12049	22396.3330647
12051	22626.8326647
12053	25108.0930647
12055	22314.9802647
12057	25108.0930647
12059	22111.5982647
12061	24226.7710647
12063	22070.9218647
12065	25053.8578647
12067	21989.5690647
12069	26016.5326647
12071	24389.4766647
12073	25053.8578647
12075	21962.4514647
12077	21989.5690647
12079	22220.0686647
12081	25541.9746647
12083	23345.4490647
12085	24972.5050647
12086	27169.0306647
12087	28524.9106647
12089	25379.2690647
12091	24470.8294647
12093	22437.0094647
12095	26016.5326647
12097	26016.5326647
12099	27874.0882647
12101	25108.0930647
12103	25108.0930647
12105	23277.6550647
12107	21989.5690647
12109	25379.2690647
12111	24972.5050647
12113	24321.6826647
12115	25541.9746647
12117	26016.5326647
12119	22979.3614647
12121	21284.5114647
12123	22111.5982647
12125	21216.7174647
12127	24497.9470647
12129	22437.0094647
12131	23697.9778647
12133	21216.7174647
13001	21886.1018682
13003	20991.0626682
13005	21330.0926682
13007	22496.3558682
13009	22198.0094682
13011	22645.5290682
13013	24869.5658682
13015	24869.5658682
13017	21384.3374682
13019	20991.0626682
13021	22970.9978682
13023	20991.0626682
13025	21330.0926682
13027	22469.2334682
13029	24449.1686682
13031	22333.6214682
13033	22916.7530682
13035	22320.0602682
13037	20991.0626682
13039	22767.5798682
13043	20991.0626682
13045	24869.5658682
13047	22021.7138682
13049	21058.8686682
13051	24449.1686682
13053	22686.2126682
13055	20991.0626682
13057	24869.5658682
13059	22618.4066682
13061	21709.8062682
13063	24869.5658682
13065	20991.0626682
13067	24869.5658682
13069	21085.9910682
13071	21045.3074682
13073	22916.7530682
13075	22103.0810682
13077	24869.5658682
13079	22970.9978682
13081	21235.1642682
13083	22021.7138682
13085	24869.5658682
13087	22103.0810682
13089	24869.5658682
13091	21886.1018682
13093	21886.1018682
13095	22496.3558682
13097	24869.5658682
13099	21153.7970682
13101	22469.2334682
13103	24449.1686682
13105	21655.5614682
13107	20991.0626682
13109	21614.8778682
13111	20991.0626682
13113	24869.5658682
13115	21370.7762682
13117	24869.5658682
13119	20991.0626682
13121	24869.5658682
13123	21818.2958682
13125	20991.0626682
13127	21330.0926682
13129	21981.0302682
13131	20991.0626682
13133	21167.3582682
13135	24869.5658682
13137	21886.1018682
13139	23350.7114682
13141	20991.0626682
13143	20991.0626682
13145	22686.2126682
13147	20991.0626682
13149	24869.5658682
13151	24869.5658682
13153	22970.9978682
13155	20991.0626682
13157	22401.4274682
13159	24869.5658682
13161	21886.1018682
13163	21682.6838682
13165	21330.0926682
13167	20991.0626682
13169	22970.9978682
13171	21886.1018682
13173	22469.2334682
13175	21886.1018682
13177	22496.3558682
13179	22726.8962682
13181	20991.0626682
13183	21519.9494682
13185	22469.2334682
13187	22089.5198682
13189	22916.7530682
13191	21330.0926682
13193	21886.1018682
13195	22618.4066682
13197	22686.2126682
13199	21886.1018682
13201	20991.0626682
13205	21519.9494682
13207	22062.3974682
13209	21886.1018682
13211	22618.4066682
13213	21330.0926682
13215	22686.2126682
13217	24869.5658682
13219	22618.4066682
13221	22618.4066682
13223	24869.5658682
13225	21045.3074682
13227	24869.5658682
13229	21099.5522682
13231	24869.5658682
13233	21343.6538682
13235	20991.0626682
13237	23716.8638682
13239	21886.1018682
13241	23215.0994682
13243	20991.0626682
13245	22916.7530682
13247	24869.5658682
13249	20991.0626682
13251	20991.0626682
13253	21886.1018682
13255	24869.5658682
13257	21492.8270682
13259	21886.1018682
13261	21750.4898682
13263	21777.6122682
13265	23269.3442682
13267	21886.1018682
13269	21330.0926682
13271	20991.0626682
13273	22496.3558682
13275	21682.6838682
13277	21519.9494682
13279	21262.2866682
13281	21804.7346682
13283	21330.0926682
13285	22482.7946682
13287	21045.3074682
13289	22970.9978682
13291	21858.9794682
13293	21886.1018682
13295	22021.7138682
13297	24869.5658682
13299	21031.7462682
13301	21682.6838682
13303	21886.1018682
13305	20991.0626682
13307	21330.0926682
13309	21330.0926682
13311	21126.6746682
13313	22374.3050682
13315	20991.0626682
13317	21153.7970682
13319	20991.0626682
13321	22496.3558682
15001	24611.7067679
15003	32776.4160479
15005	20936.2313279
15007	30036.7627679
15009	27283.5468479
16001	22855.1291148
16003	21485.2539948
16005	21566.6327148
16007	21485.2539948
16009	22380.4199148
16011	22312.6043148
16013	24631.8978348
16015	22855.1291148
16017	22977.1971948
16019	21715.8270348
16021	21485.2539948
16023	21702.2639148
16025	21905.7107148
16027	22855.1291148
16029	21905.7107148
16031	21498.8171148
16033	21905.7107148
16035	22380.4199148
16037	21485.2539948
16039	21485.2539948
16041	21620.8851948
16043	21539.5064748
16045	21498.8171148
16047	21824.3319948
16049	21702.2639148
16051	21715.8270348
16053	21783.6426348
16055	23167.0808748
16057	22027.7787948
16059	22380.4199148
16061	22163.4099948
16063	22380.4199148
16065	21987.0894348
16067	22380.4199148
16069	22014.2156748
16071	22380.4199148
16073	22855.1291148
16075	21648.0114348
16077	21566.6327148
16079	22122.7206348
16081	22990.7603148
16083	22000.6525548
16085	22963.6340748
16087	21485.2539948
17001	21200.4345179
17003	21620.9433179
17005	21702.3321179
17007	22407.7017179
17009	22611.1737179
17011	21580.2489179
17013	23370.8025179
17015	21200.4345179
17017	21336.0825179
17019	24415.2921179
17021	21553.1193179
17023	21797.2857179
17025	22095.7113179
17027	23370.8025179
17029	21498.8601179
17031	26015.9385179
17033	22095.7113179
17035	22095.7113179
17037	23981.2185179
17039	21200.4345179
17041	21770.1561179
17043	26015.9385179
17045	21241.1289179
17047	21756.5913179
17049	21200.4345179
17051	21865.1097179
17053	24415.2921179
17055	21200.4345179
17057	21580.2489179
17059	22095.7113179
17061	22095.7113179
17063	23967.6537179
17065	22095.7113179
17067	21729.4617179
17069	21200.4345179
17071	21946.4985179
17073	22041.4521179
17075	21363.2121179
17077	21648.0729179
17079	22095.7113179
17081	21675.2025179
17083	23370.8025179
17085	22095.7113179
17087	22095.7113179
17089	26015.9385179
17091	22597.6089179
17093	24985.0137179
17095	21200.4345179
17097	26015.9385179
17099	22502.6553179
17101	22095.7113179
17103	21580.2489179
17105	21743.0265179
17107	21213.9993179
17109	21905.8041179
17111	26015.9385179
17113	23723.4873179
17115	21932.9337179
17117	21363.2121179
17119	23370.8025179
17121	21390.3417179
17123	22475.5257179
17125	21200.4345179
17127	21539.5545179
17129	22733.2569179
17131	22041.4521179
17133	23370.8025179
17135	22597.6089179
17137	21336.0825179
17139	22095.7113179
17141	22027.8873179
17143	22475.5257179
17145	21200.4345179
17147	24415.2921179
17149	22095.7113179
17151	22095.7113179
17153	22095.7113179
17155	22285.6185179
17157	21390.3417179
17159	21200.4345179
17161	22041.4521179
17163	23370.8025179
17165	21200.4345179
17167	22733.2569179
17169	22095.7113179
17171	21376.7769179
17173	21200.4345179
17175	22475.5257179
17177	21363.2121179
17179	22475.5257179
17181	21200.4345179
17183	22516.2201179
17185	21349.6473179
17187	21851.5449179
17189	21553.1193179
17191	22095.7113179
17193	22095.7113179
17195	22068.5817179
17197	26015.9385179
17199	21322.5177179
17201	22407.7017179
17203	22475.5257179
18001	21569.2827087
18003	21908.3547087
18005	23874.9723087
18007	23237.5169487
18009	21135.2705487
18011	23332.4571087
18013	23332.4571087
18015	22016.8577487
18017	21135.2705487
18019	22545.8100687
18021	22179.6123087
18023	21555.7198287
18025	21135.2705487
18027	21135.2705487
18029	22369.4926287
18031	21704.9115087
18033	21379.4023887
18035	21881.2289487
18037	21257.3364687
18039	22572.9358287
18041	21379.4023887
18043	22545.8100687
18045	22016.8577487
18047	22369.4926287
18049	21949.0433487
18051	21284.4622287
18053	21148.8334287
18055	21135.2705487
18057	23332.4571087
18059	23332.4571087
18061	22545.8100687
18063	23332.4571087
18065	21189.5220687
18067	21501.4683087
18069	21420.0910287
18071	21691.3486287
18073	21786.2887887
18075	21406.5281487
18077	21433.6539087
18079	21718.4743887
18081	23332.4571087
18083	21284.4622287
18085	21691.3486287
18087	21487.9054287
18089	23603.7147087
18091	22057.5463887
18093	21582.8455887
18095	21637.0971087
18097	23332.4571087
18099	21637.0971087
18101	22016.8577487
18103	22016.8577487
18105	23318.8942287
18107	21813.4145487
18109	23332.4571087
18111	23603.7147087
18113	21433.6539087
18115	22369.4926287
18117	21135.2705487
18119	21460.7796687
18121	21135.2705487
18123	21243.7735887
18125	22016.8577487
18127	23603.7147087
18129	22613.6244687
18131	21162.3963087
18133	21826.9774287
18135	21392.9652687
18137	21175.9591887
18139	21135.2705487
18141	22423.7441487
18143	21325.1508687
18145	23332.4571087
18147	21135.2705487
18149	22138.9236687
18151	21650.6599887
18153	22016.8577487
18155	21135.2705487
18157	23237.5169487
18159	21501.4683087
18161	22016.8577487
18163	22613.6244687
18165	22179.6123087
18167	22179.6123087
18169	21135.2705487
18171	22016.8577487
18173	22613.6244687
18175	21745.6001487
18177	21637.0971087
18179	21908.3547087
18181	22016.8577487
18183	21908.3547087
19001	21069.2405123
19003	21109.9195043
19005	21476.0304323
19007	20662.4505923
19009	21177.7178243
19011	21218.3968163
19013	22628.6018723
19015	21150.5984963
19017	21367.5531203
19019	20757.3682403
19021	21367.5531203
19023	21476.0304323
19025	20865.8455523
19027	21109.9195043
19029	21286.1951363
19031	21218.3968163
19033	21530.2690883
19035	20743.8085763
19037	21231.9564803
19039	21286.1951363
19041	20662.4505923
19043	21476.0304323
19045	21625.1867363
19047	21476.0304323
19049	23415.0623843
19051	21625.1867363
19053	21015.0018563
19055	21286.1951363
19057	21692.9850563
19059	20892.9648803
19061	22438.7665763
19063	21489.5900963
19065	21462.4707683
19067	20933.6438723
19069	20662.4505923
19071	21231.9564803
19073	20770.9279043
19075	22628.6018723
19077	23415.0623843
19079	21394.6724483
19081	20662.4505923
19083	20906.5245443
19085	23387.9430563
19087	21394.6724483
19089	20662.4505923
19091	20662.4505923
19093	20811.6068963
19095	21042.1211843
19097	21476.0304323
19099	21652.3060643
19101	21326.8741283
19103	23916.7699523
19105	20662.4505923
19107	20825.1665603
19109	20662.4505923
19111	20757.3682403
19113	21421.7917763
19115	21123.4791683
19117	20662.4505923
19119	21408.2321123
19121	23415.0623843
19123	21015.0018563
19125	22682.8405283
19127	21747.2237123
19129	23387.9430563
19131	21476.0304323
19133	20662.4505923
19135	20798.0472323
19137	20662.4505923
19139	22004.8573283
19141	21245.5161443
19143	21652.3060643
19145	20987.8825283
19147	21448.9111043
19149	21584.5077443
19151	20947.2035363
19153	23415.0623843
19155	23387.9430563
19157	21855.7010243
19159	21218.3968163
19161	20743.8085763
19163	22086.2153123
19165	20920.0842083
19167	21055.6808483
19169	22655.7212003
19171	20838.7262243
19173	21476.0304323
19175	20716.6892483
19177	21476.0304323
19179	21570.9480803
19181	23415.0623843
19183	21801.4623683
19185	20662.4505923
19187	21218.3968163
19189	21096.3598403
19191	20662.4505923
19193	22194.6926243
19195	21476.0304323
19197	21042.1211843
20001	21666.9063618
20003	20880.1618818
20005	20853.0327618
20007	20785.2099618
20009	21653.3418018
20011	20893.7264418
20013	20785.2099618
20015	22087.4077218
20017	20839.4682018
20019	21666.9063618
20021	20785.2099618
20023	20785.2099618
20025	21504.1316418
20027	21748.2937218
20029	20988.6783618
20031	20785.2099618
20033	21666.9063618
20035	21178.5822018
20037	21571.9544418
20039	20812.3390818
20041	20988.6783618
20043	22100.9722818
20045	22697.8129218
20047	20785.2099618
20049	21666.9063618
20051	20839.4682018
20053	21110.7594018
20055	21517.6962018
20057	21707.6000418
20059	22399.3926018
20061	22657.1192418
20063	21666.9063618
20065	21666.9063618
20067	20812.3390818
20069	21436.3088418
20071	20812.3390818
20073	21178.5822018
20075	21395.6151618
20077	20934.4201218
20079	22087.4077218
20081	21097.1948418
20083	20785.2099618
20085	21829.6810818
20087	21829.6810818
20089	21666.9063618
20091	23864.3650818
20093	20812.3390818
20095	21666.9063618
20097	21666.9063618
20099	20785.2099618
20101	21314.2278018
20103	23864.3650818
20105	21436.3088418
20107	23864.3650818
20109	20785.2099618
20111	20893.7264418
20113	21137.8885218
20115	20785.2099618
20117	21124.3239618
20119	20785.2099618
20121	23864.3650818
20123	21666.9063618
20125	21327.7923618
20127	21354.9214818
20129	21070.0657218
20131	21124.3239618
20133	20785.2099618
20135	21666.9063618
20137	21666.9063618
20139	21829.6810818
20141	21666.9063618
20143	21517.6962018
20145	21015.8074818
20147	21097.1948418
20149	22657.1192418
20151	21015.8074818
20153	20785.2099618
20155	21246.4050018
20157	20785.2099618
20159	20961.5492418
20161	22657.1192418
20163	21585.5190018
20165	21666.9063618
20167	21436.3088418
20169	21721.1646018
20171	20812.3390818
20173	22087.4077218
20175	22602.8610018
20177	21829.6810818
20179	20785.2099618
20181	20812.3390818
20183	21273.5341218
20185	20961.5492418
20187	20812.3390818
20189	22521.4736418
20191	21259.9695618
20193	21666.9063618
20195	21097.1948418
20197	21829.6810818
20199	20812.3390818
20201	20785.2099618
20203	21585.5190018
20205	20785.2099618
20207	20785.2099618
20209	23864.3650818
21001	20413.12752
21003	21213.30912
21005	21986.36592
21007	20413.12752
21009	20413.12752
21011	21186.18432
21013	20887.81152
21015	22257.61392
21017	22176.23952
21019	21837.17952
21021	21159.05952
21023	22257.61392
21025	21213.30912
21027	20982.74832
21029	22433.92512
21031	21213.30912
21033	21199.74672
21035	21918.55392
21037	22257.61392
21039	21687.99312
21041	22135.55232
21043	21213.30912
21045	20413.12752
21047	22718.73552
21049	22176.23952
21051	21213.30912
21053	20819.99952
21055	21213.30912
21057	20914.93632
21059	21023.43552
21061	21538.80672
21063	20819.99952
21065	20738.62512
21067	22176.23952
21069	21213.30912
21071	21131.93472
21073	22108.42752
21075	21213.30912
21077	22257.61392
21079	21281.12112
21081	21620.18112
21083	20643.68832
21085	20616.56352
21087	21213.30912
21089	21837.17952
21091	21023.43552
21093	20752.18752
21095	21213.30912
21097	20752.18752
21099	20413.12752
21101	22501.73712
21103	22433.92512
21105	20819.99952
21107	20819.99952
21109	21972.80352
21111	22433.92512
21113	22176.23952
21115	20413.12752
21117	22257.61392
21119	20413.12752
21121	20413.12752
21123	20752.18752
21125	21430.30752
21127	20643.68832
21129	21213.30912
21131	20521.62672
21133	20996.31072
21135	20413.12752
21137	20413.12752
21139	21213.30912
21141	20982.74832
21143	20413.12752
21145	21294.68352
21147	21213.30912
21149	21023.43552
21151	21036.99792
21153	20413.12752
21155	20670.81312
21157	20982.74832
21159	21213.30912
21161	20521.62672
21163	21118.37232
21165	21213.30912
21167	20887.81152
21169	20792.87472
21171	20453.81472
21173	21362.49552
21175	20819.99952
21177	20657.25072
21179	21321.80832
21181	20413.12752
21183	20494.50192
21185	22433.92512
21187	20833.56192
21189	20819.99952
21191	22257.61392
21193	21213.30912
21195	21864.30432
21197	20413.12752
21199	20806.43712
21201	22216.92672
21203	20589.43872
21205	21091.24752
21207	20413.12752
21209	22176.23952
21211	21660.86832
21213	21145.49712
21215	22433.92512
21217	20819.99952
21219	21403.18272
21221	22718.73552
21223	22433.92512
21225	21009.87312
21227	21538.80672
21229	21213.30912
21231	20697.93792
21233	22501.73712
21235	20725.06272
21237	21267.55872
21239	22176.23952
22001	21445.7672718
22003	21974.7476718
22005	23819.3972718
22007	22232.4560718
22009	21405.0764718
22011	22286.7104718
22013	22015.4384718
22015	22992.0176718
22017	22992.0176718
22019	22571.5460718
22021	22015.4384718
22023	22571.5460718
22025	21947.6204718
22027	22015.4384718
22029	21120.2408718
22031	22992.0176718
22033	23819.3972718
22035	21527.1488718
22037	23819.3972718
22039	21120.2408718
22041	21120.2408718
22043	22042.5656718
22045	21825.5480718
22047	21120.2408718
22049	21622.0940718
22051	25107.9392718
22053	22015.4384718
22055	23778.7064718
22057	22476.6008718
22059	21242.3132718
22061	23100.5264718
22063	23819.3972718
22065	21337.2584718
22067	21744.1664718
22069	23046.2720718
22071	25107.9392718
22073	21852.6752718
22075	25107.9392718
22077	23819.3972718
22079	22042.5656718
22081	22015.4384718
22083	21120.2408718
22085	21811.9844718
22087	25107.9392718
22089	25107.9392718
22091	23819.3972718
22093	22015.4384718
22095	25107.9392718
22097	21120.2408718
22099	23778.7064718
22101	21811.9844718
22103	25107.9392718
22105	24131.3600718
22107	21120.2408718
22109	22476.6008718
22111	21852.6752718
22113	22246.0196718
22115	23900.7788718
22117	21323.6948718
22119	21717.0392718
22121	23819.3972718
22123	21120.2408718
22125	23819.3972718
22127	22015.4384718
24001	22150.24492
24003	28443.19852
24005	28443.19852
24009	31671.04972
24011	23804.85772
24013	28443.19852
24015	27643.01692
24017	31671.04972
24019	24211.72972
24021	31671.04972
24023	22679.17852
24025	28443.19852
24027	28443.19852
24028	32593.29292
24029	24333.79132
24031	31671.04972
24033	31671.04972
24035	28443.19852
24037	28782.25852
24039	22828.36492
24041	25907.02972
24043	25011.91132
24045	23642.10892
24047	23940.48172
24510	28443.19852
26001	21209.2008323
26003	21209.2008323
26005	22552.0269323
26007	21819.5763323
26009	21453.3510323
26011	21887.3958323
26013	21209.2008323
26015	21643.2456323
26017	21792.4485323
26019	22646.9742323
26021	22036.5987323
26023	21887.3958323
26025	22240.0572323
26027	21412.6593323
26029	22524.8991323
26031	21955.2153323
26033	21439.7871323
26035	21209.2008323
26037	23121.7107323
26039	21724.6290323
26041	21344.8398323
26043	21277.0203323
26045	23121.7107323
26047	22524.8991323
26049	22226.4933323
26051	22104.4182323
26053	21209.2008323
26055	23148.8385323
26057	21209.2008323
26059	21683.9373323
26061	21304.1481323
26063	21968.7792323
26065	23121.7107323
26067	21765.3207323
26069	22104.4182323
26071	21209.2008323
26073	22755.4854323
26075	22877.5605323
26077	22484.2074323
26079	22009.4709323
26081	22823.3049323
26083	21263.4564323
26085	21209.2008323
26087	23582.8833323
26089	23989.8003323
26091	22552.0269323
26093	24979.9650323
26095	21494.0427323
26097	22294.3128323
26099	23582.8833323
26101	21236.3286323
26103	22199.3655323
26105	21534.7344323
26107	22104.4182323
26109	21385.5315323
26111	22592.7186323
26113	22104.4182323
26115	23338.7331323
26117	21819.5763323
26119	21494.0427323
26121	21222.7647323
26123	21588.9900323
26125	23582.8833323
26127	21507.6066323
26129	21466.9149323
26131	21602.5539323
26133	21209.2008323
26135	21683.9373323
26137	21466.9149323
26139	23827.0335323
26141	21466.9149323
26143	21466.9149323
26145	22470.6435323
26147	23582.8833323
26149	22009.4709323
26151	21209.2008323
26153	21209.2008323
26155	21588.9900323
26157	21724.6290323
26159	22484.2074323
26161	25712.4156323
26163	23582.8833323
26165	21616.1178323
27001	22785.9956485
27003	24970.3245085
27005	21659.9130685
27007	21673.4803285
27009	23233.7152285
27011	21985.5273085
27013	22351.8433285
27015	21999.0945685
27017	21863.4219685
27019	24970.3245085
27021	22094.0653885
27023	22107.6326485
27025	24970.3245085
27027	21890.5564885
27029	21103.6554085
27031	22731.7266085
27033	21103.6554085
27035	21944.8255285
27037	24970.3245085
27039	23410.0896085
27041	21103.6554085
27043	21510.6732085
27045	21971.9600485
27047	21103.6554085
27049	22189.0362085
27051	21999.0945685
27053	24970.3245085
27055	21768.4511485
27057	21103.6554085
27059	24970.3245085
27061	22202.6034685
27063	21415.7023885
27065	22433.2468885
27067	21307.1643085
27069	21999.0945685
27071	21103.6554085
27073	21103.6554085
27075	21185.0589685
27077	21103.6554085
27079	21849.8547085
27081	21999.0945685
27083	21252.8952685
27085	21646.3458085
27087	21103.6554085
27089	21605.6440285
27091	21388.5678685
27093	23125.1771485
27095	22297.5742885
27097	21361.4333485
27099	21931.2582685
27101	21999.0945685
27103	22351.8433285
27105	21999.0945685
27107	21130.7899285
27109	23410.0896085
27111	21592.0767685
27113	21103.6554085
27115	22324.7088085
27117	21999.0945685
27119	22053.3636085
27121	21714.1821085
27123	24970.3245085
27125	21415.7023885
27127	21103.6554085
27129	21944.8255285
27131	23233.7152285
27133	21103.6554085
27135	21103.6554085
27137	21863.4219685
27139	24970.3245085
27141	24970.3245085
27143	21510.6732085
27145	23233.7152285
27147	22582.4867485
27149	21605.6440285
27151	21103.6554085
27153	21876.9892285
27155	21103.6554085
27157	21646.3458085
27159	21971.9600485
27161	21185.0589685
27163	24970.3245085
27165	21144.3571885
27167	21225.7607485
27169	21402.1351285
27171	24970.3245085
27173	21212.1934885
28001	21585.4952682
28003	21585.4952682
28005	21585.4952682
28007	21585.4952682
28009	21585.4952682
28011	20798.9456682
28013	20826.0680682
28015	24474.0308682
28017	20717.5784682
28019	21178.6592682
28021	21585.4952682
28023	21585.4952682
28025	21151.5368682
28027	21883.8416682
28029	23226.4004682
28031	21409.1996682
28033	23484.0632682
28035	22155.0656682
28037	20717.5784682
28039	23402.6960682
28041	21056.6084682
28043	21517.6892682
28045	23904.4604682
28047	23904.4604682
28049	23226.4004682
28051	21585.4952682
28053	20717.5784682
28055	25382.6312682
28057	21585.4952682
28059	23402.6960682
28061	21585.4952682
28063	20717.5784682
28065	20907.4352682
28067	23945.1440682
28069	21002.3636682
28071	23267.0840682
28073	22155.0656682
28075	21585.4952682
28077	22236.4328682
28079	21653.3012682
28081	21585.4952682
28083	21449.8832682
28085	20717.5784682
28087	22127.9432682
28089	23226.4004682
28091	21110.8532682
28093	20717.5784682
28095	20839.6292682
28097	21409.1996682
28099	21449.8832682
28101	21137.9756682
28103	21585.4952682
28105	22697.5136682
28107	21748.2296682
28109	21341.3936682
28111	22155.0656682
28113	21110.8532682
28115	20717.5784682
28117	21110.8532682
28119	21585.4952682
28121	23226.4004682
28123	21571.9340682
28125	21585.4952682
28127	21585.4952682
28129	21585.4952682
28131	23904.4604682
28133	20717.5784682
28135	21585.4952682
28137	21680.4236682
28139	21585.4952682
28141	20826.0680682
28143	21517.6892682
28145	21585.4952682
28147	23104.3496682
28149	21829.5968682
28151	21219.3428682
28153	20717.5784682
28155	21585.4952682
28157	20771.8232682
28159	21409.1996682
28161	21585.4952682
28163	21260.0264682
29001	21493.5673372
29003	22293.8197372
29005	20734.0057372
29007	21330.8041372
29009	21561.3853372
29011	20923.8961372
29013	21208.7317372
29015	20801.8237372
29017	21547.8217372
29019	22008.9841372
29021	22293.8197372
29023	20937.4597372
29025	24057.0877372
29027	20937.4597372
29029	21886.9117372
29031	21547.8217372
29033	21032.4049372
29035	21561.3853372
29037	24057.0877372
29039	20720.4421372
29041	20720.4421372
29043	21290.1133372
29045	20991.7141372
29047	24057.0877372
29049	24057.0877372
29051	21140.9137372
29053	20923.8961372
29055	21290.1133372
29056	23297.5261372
29057	20937.4597372
29059	21412.1857372
29061	20801.8237372
29063	22293.8197372
29065	20815.3873372
29067	21561.3853372
29069	20720.4421372
29071	23297.5261372
29073	20991.7141372
29075	20720.4421372
29077	21290.1133372
29079	21493.5673372
29081	21113.7865372
29083	21168.0409372
29085	20720.4421372
29087	20720.4421372
29089	22008.9841372
29091	20910.3325372
29093	21561.3853372
29095	24057.0877372
29097	21018.8413372
29099	23297.5261372
29101	21629.2033372
29103	20869.6417372
29105	21561.3853372
29107	24057.0877372
29109	20910.3325372
29111	20720.4421372
29113	23297.5261372
29115	20720.4421372
29117	21181.6045372
29119	20761.1329372
29121	20720.4421372
29123	21005.2777372
29125	21561.3853372
29127	20951.0233372
29129	20720.4421372
29131	21357.9313372
29133	20720.4421372
29135	21290.1133372
29137	20720.4421372
29139	21018.8413372
29141	20937.4597372
29143	21249.4225372
29145	21018.8413372
29147	21222.2953372
29149	21561.3853372
29151	21140.9137372
29153	21561.3853372
29155	21086.6593372
29157	20828.9509372
29159	21371.4949372
29161	21100.2229372
29163	20720.4421372
29165	24057.0877372
29167	20720.4421372
29169	23080.5085372
29171	21140.9137372
29173	21561.3853372
29175	21100.2229372
29177	24057.0877372
29179	21181.6045372
29181	20720.4421372
29183	23297.5261372
29185	21371.4949372
29186	20788.2601372
29187	21330.8041372
29189	23297.5261372
29195	20720.4421372
29197	20720.4421372
29199	20720.4421372
29201	20910.3325372
29203	20720.4421372
29205	20720.4421372
29207	20788.2601372
29209	21412.1857372
29211	21032.4049372
29213	21954.7297372
29215	20720.4421372
29217	21005.2777372
29219	23297.5261372
29221	21561.3853372
29223	21561.3853372
29225	21290.1133372
29227	20720.4421372
29229	20720.4421372
29510	23297.5261372
30001	21465.2610348
30003	22360.3002348
30005	21465.2610348
30007	21655.1178348
30009	22089.0762348
30011	22184.0046348
30013	21817.8522348
30015	22360.3002348
30017	22319.6166348
30019	21736.4850348
30021	21560.1894348
30023	22360.3002348
30025	22184.0046348
30027	22089.0762348
30029	23146.8498348
30031	23160.4110348
30033	21736.4850348
30035	22360.3002348
30037	22414.5450348
30039	21492.3834348
30041	21587.3118348
30043	22468.7898348
30045	22360.3002348
30047	22360.3002348
30049	22102.6374348
30051	21736.4850348
30053	22360.3002348
30055	21736.4850348
30057	23051.9214348
30059	21465.2610348
30061	22251.8106348
30063	24245.3070348
30065	21465.2610348
30067	22590.8406348
30069	21736.4850348
30071	21872.0970348
30073	22360.3002348
30075	21736.4850348
30077	22360.3002348
30079	22360.3002348
30081	21994.1478348
30083	22360.3002348
30085	21465.2610348
30087	21465.2610348
30089	21505.9446348
30091	22360.3002348
30093	21465.2610348
30095	21465.2610348
30097	22414.5450348
30099	21804.2910348
30101	22360.3002348
30103	21736.4850348
30105	22360.3002348
30107	21736.4850348
30109	21736.4850348
30111	22089.0762348
31001	20713.8926236
31003	21541.2363556
31005	20822.3967196
31007	20795.2706956
31009	20822.3967196
31011	21541.2363556
31013	20930.9008156
31015	21541.2363556
31017	20713.8926236
31019	21310.6651516
31021	20713.8926236
31023	20713.8926236
31025	23358.6799636
31027	20713.8926236
31029	20713.8926236
31031	21134.3459956
31033	21052.9679236
31035	21541.2363556
31037	21541.2363556
31039	20808.8337076
31041	21541.2363556
31043	22165.1349076
31045	20713.8926236
31047	20849.5227436
31049	20713.8926236
31051	22165.1349076
31053	21541.2363556
31055	23358.6799636
31057	20713.8926236
31059	20713.8926236
31061	20795.2706956
31063	21405.6062356
31065	20713.8926236
31067	21025.8418996
31069	20795.2706956
31071	20795.2706956
31073	20903.7747916
31075	20795.2706956
31077	20795.2706956
31079	21514.1103316
31081	20713.8926236
31083	20713.8926236
31085	20822.3967196
31087	20795.2706956
31089	21541.2363556
31091	20822.3967196
31093	20713.8926236
31095	20863.0857556
31097	20713.8926236
31099	21541.2363556
31101	21541.2363556
31103	20795.2706956
31105	20930.9008156
31107	21541.2363556
31109	22015.9417756
31111	21120.7829836
31113	22056.6308116
31115	20795.2706956
31117	20822.3967196
31119	20890.2117796
31121	20713.8926236
31123	20713.8926236
31125	21541.2363556
31127	21147.9090076
31129	21541.2363556
31131	21012.2788876
31133	20713.8926236
31135	20795.2706956
31137	21541.2363556
31139	21541.2363556
31141	21541.2363556
31143	20713.8926236
31145	21107.2199716
31147	21432.7322596
31149	20835.9597316
31151	21758.2445476
31153	23358.6799636
31155	22178.6979196
31157	21242.8500916
31159	21025.8418996
31161	21541.2363556
31163	20713.8926236
31165	21541.2363556
31167	20713.8926236
31169	20713.8926236
31171	20917.3378036
31173	20713.8926236
31175	20713.8926236
31177	23358.6799636
31179	20713.8926236
31181	21541.2363556
31183	20795.2706956
31185	20971.5898516
32001	23848.9409097
32003	26709.8477097
32005	25964.1137097
32007	24092.9993097
32009	21665.9741097
32011	23577.7649097
32013	22235.4437097
32015	23889.6173097
32017	23116.7657097
32019	24255.7049097
32021	25448.8793097
32023	23482.8533097
32027	22560.8549097
32029	24730.2629097
32031	24730.2629097
32033	23970.9701097
32510	24540.4397097
34001	27707.3944189
34003	31301.0329189
34005	28046.4169189
34007	28046.4169189
34009	25591.8940189
34011	27070.0321189
34013	29633.0422189
34015	28046.4169189
34017	30039.8692189
34019	31328.1547189
34021	29063.4844189
34023	31328.1547189
34025	29958.5038189
34027	29633.0422189
34029	29958.5038189
34031	31301.0329189
34033	28046.4169189
34035	31328.1547189
34037	29633.0422189
34039	29633.0422189
34041	28290.5131189
35001	24337.1689098
35003	22736.7773898
35005	21923.0189898
35006	22058.6453898
35007	22248.5223498
35009	22194.2717898
35011	22736.7773898
35013	23862.4765098
35015	22967.3422698
35017	22736.7773898
35019	22167.1465098
35021	22167.1465098
35023	22167.1465098
35025	23387.7841098
35027	24364.2941898
35028	26873.3825898
35029	22723.2147498
35031	22736.7773898
35033	23102.9686698
35035	22736.7773898
35037	22234.9597098
35039	22872.4037898
35041	22926.6543498
35043	24337.1689098
35045	22818.1532298
35047	22804.5905898
35049	26398.6901898
35051	22140.0212298
35053	21841.6431498
35055	25679.8702698
35057	24337.1689098
35059	22140.0212298
35061	24337.1689098
36001	25369.7910214
36003	22114.3830214
36005	31677.1440214
36007	22548.4374214
36009	22317.8460214
36011	23145.2622214
36013	21829.5348214
36015	23335.1610214
36017	22087.2546214
36019	23850.6006214
36021	24976.4292214
36023	23348.7252214
36025	22372.1028214
36027	29072.8176214
36029	22928.2350214
36031	23823.4722214
36033	22738.3362214
36035	22670.5152214
36037	23470.8030214
36039	24135.4488214
36041	22629.8226214
36043	23497.9314214
36045	25763.1528214
36047	31677.1440214
36049	22629.8226214
36051	24488.1180214
36053	23687.8302214
36055	24488.1180214
36057	23158.8264214
36059	32952.1788214
36061	31677.1440214
36063	22928.2350214
36065	23497.9314214
36067	23687.8302214
36069	24488.1180214
36071	29072.8176214
36073	24488.1180214
36075	23687.8302214
36077	24420.2970214
36079	31677.1440214
36081	31677.1440214
36083	25369.7910214
36085	31677.1440214
36087	31677.1440214
36089	22928.2350214
36091	25369.7910214
36093	25369.7910214
36095	25369.7910214
36097	22453.4880214
36099	23321.5968214
36101	22697.6436214
36103	32952.1788214
36105	25112.0712214
36107	22548.4374214
36109	27987.6816214
36111	26305.7208214
36113	26522.7480214
36115	26522.7480214
36117	24488.1180214
36119	31161.7044214
36121	21978.7410214
36123	22060.1262214
37001	21914.940265
37003	21847.111465
37005	21847.111465
37007	21847.111465
37009	21155.257705
37011	21616.493545
37013	21290.915305
37015	20951.771305
37017	20951.771305
37019	23529.265705
37021	22783.148905
37023	21847.111465
37025	23868.409705
37027	21847.111465
37029	23325.779305
37031	22471.136425
37033	20951.771305
37035	21847.111465
37037	24207.553705
37039	20951.771305
37041	21847.111465
37043	21847.111465
37045	21494.401705
37047	21616.493545
37049	22484.702185
37051	23217.253225
37053	27300.546985
37055	23922.672745
37057	21426.572905
37059	22240.518505
37061	21426.572905
37063	24207.553705
37065	21955.637545
37067	22240.518505
37069	24356.777065
37071	23868.409705
37073	21480.835945
37075	20951.771305
37077	22905.240745
37079	20951.771305
37081	22674.622825
37083	21711.453865
37085	21670.756585
37087	21602.927785
37089	22783.148905
37091	21847.111465
37093	21589.362025
37095	23230.818985
37097	23420.739625
37099	21738.585385
37101	24356.777065
37103	22389.741865
37105	22932.372265
37107	21318.046825
37109	21847.111465
37111	20951.771305
37113	21711.453865
37115	22783.148905
37117	21847.111465
37119	23868.409705
37121	20951.771305
37123	21385.875625
37125	21779.282665
37127	21955.637545
37129	23529.265705
37131	21033.165865
37133	22918.806505
37135	24207.553705
37137	20951.771305
37139	22552.530985
37141	21168.823465
37143	23068.029865
37145	21331.612585
37147	21765.716905
37149	21155.257705
37151	22674.622825
37153	21847.111465
37155	21195.954985
37157	21399.441385
37159	21535.098985
37161	21847.111465
37163	21521.533225
37165	21006.034345
37167	21114.560425
37169	22240.518505
37171	21847.111465
37173	21860.677225
37175	21277.349545
37177	21847.111465
37179	23868.409705
37181	21195.954985
37183	24356.777065
37185	21128.126185
37187	21480.835945
37189	23068.029865
37191	21494.401705
37193	21847.111465
37195	22620.359785
37197	22240.518505
37199	21087.428905
38001	21528.9617346
38003	21759.4862226
38005	21895.0888626
38007	21610.3233186
38009	21000.1114386
38011	21895.0888626
38013	21311.9975106
38015	22247.6557266
38017	21786.6067506
38019	21000.1114386
38021	21895.0888626
38023	21528.9617346
38025	21298.4372466
38027	21895.0888626
38029	21895.0888626
38031	21366.2385666
38033	21895.0888626
38035	21949.3299186
38037	21000.1114386
38039	21895.0888626
38041	21895.0888626
38043	21095.0332866
38045	21000.1114386
38047	21528.9617346
38049	21393.3590946
38051	22423.9391586
38053	21000.1114386
38055	21569.6425266
38057	21895.0888626
38059	22247.6557266
38061	26844.5852226
38063	21895.0888626
38065	21528.9617346
38067	21895.0888626
38069	21895.0888626
38071	21583.2027906
38073	21542.5219986
38075	21000.1114386
38077	21000.1114386
38079	21895.0888626
38081	21000.1114386
38083	21718.8054306
38085	21528.9617346
38087	21610.3233186
38089	23101.9523586
38091	21583.2027906
38093	21488.2809426
38095	21000.1114386
38097	21095.0332866
38099	21895.0888626
38101	26098.7707026
38103	21895.0888626
38105	26329.2951906
39001	21344.4848165
39003	21385.1650685
39005	21575.0062445
39007	21195.3238925
39009	22768.2936365
39011	21195.3238925
39013	21439.4054045
39015	21154.6436405
39017	22266.5705285
39019	21656.3667485
39021	21561.4461605
39023	22171.6499405
39025	22266.5705285
39027	21249.5642285
39029	21208.8839765
39031	21276.6843965
39033	21005.4827165
39035	22781.8537205
39037	21615.6864965
39039	21208.8839765
39041	23161.5360725
39043	23500.5381725
39045	23161.5360725
39047	21778.4075045
39049	23161.5360725
39051	21751.2873365
39053	21452.9654885
39055	22781.8537205
39057	22117.4096045
39059	21276.6843965
39061	22266.5705285
39063	21412.2852365
39065	21249.5642285
39067	21683.4869165
39069	21737.7272525
39071	21086.8432205
39073	21263.1243125
39075	21195.3238925
39077	21046.1629685
39079	21710.6070845
39081	21520.7659085
39083	21737.7272525
39085	22781.8537205
39087	21846.2079245
39089	23161.5360725
39091	21073.2831365
39093	22781.8537205
39095	21751.2873365
39097	23161.5360725
39099	21737.7272525
39101	22144.5297725
39103	22781.8537205
39105	21032.6028845
39107	20910.5621285
39109	22117.4096045
39111	21778.4075045
39113	22117.4096045
39115	21534.3259925
39117	23161.5360725
39119	21778.4075045
39121	21276.6843965
39123	21751.2873365
39125	21344.4848165
39127	20910.5621285
39129	23161.5360725
39131	21778.4075045
39133	22266.5705285
39135	21344.4848165
39137	21181.7638085
39139	21019.0428005
39141	21791.9675885
39143	21588.5663285
39145	21778.4075045
39147	21208.8839765
39149	21344.4848165
39151	21656.3667485
39153	22266.5705285
39155	21737.7272525
39157	21412.2852365
39159	22876.7743085
39161	21005.4827165
39163	21778.4075045
39165	22266.5705285
39167	21127.5234725
39169	21615.6864965
39171	20991.9226325
39173	21751.2873365
39175	21778.4075045
40001	20566.5852165
40003	20566.5852165
40005	20566.5852165
40007	20797.1052165
40009	21407.3052165
40011	20905.5852165
40013	20959.8252165
40015	20946.2652165
40017	22220.9052165
40019	20769.9852165
40021	21312.3852165
40023	20675.0652165
40025	21420.8652165
40027	22220.9052165
40029	20566.5852165
40031	21881.9052165
40033	20620.8252165
40035	21420.8652165
40037	22248.0252165
40039	21285.2652165
40041	20797.1052165
40043	20797.1052165
40045	21420.8652165
40047	21624.2652165
40049	20566.5852165
40051	20566.5852165
40053	21420.8652165
40055	21719.1852165
40057	20797.1052165
40059	20797.1052165
40061	20566.5852165
40063	21420.8652165
40065	20769.9852165
40067	20566.5852165
40069	20566.5852165
40071	20932.7052165
40073	21176.7852165
40075	20580.1452165
40077	21041.1852165
40079	21014.0652165
40081	21108.9852165
40083	22220.9052165
40085	21420.8652165
40087	22220.9052165
40089	20566.5852165
40091	20593.7052165
40093	20797.1052165
40095	20729.3052165
40097	20566.5852165
40099	20769.9852165
40101	20756.4252165
40103	21420.8652165
40105	21122.5452165
40107	21380.1852165
40109	22220.9052165
40111	21475.1052165
40113	22248.0252165
40115	20837.7852165
40117	21420.8652165
40119	21881.9052165
40121	21353.0652165
40123	21420.8652165
40125	21841.2252165
40127	20566.5852165
40129	20797.1052165
40131	22248.0252165
40133	21014.0652165
40135	20769.9852165
40137	20566.5852165
40139	21583.5852165
40141	20675.0652165
40143	22248.0252165
40145	22248.0252165
40147	21922.5852165
40149	21420.8652165
40151	20593.7052165
40153	21420.8652165
41001	21932.6510974
41003	23492.8790974
41005	25460.1230974
41007	22665.2798974
41009	25460.1230974
41011	22149.7262974
41013	22421.0702974
41015	22977.3254974
41017	23709.9542974
41019	21688.4414974
41021	21525.6350974
41023	21674.8742974
41025	21349.2614974
41027	24510.4190974
41029	23316.5054974
41031	21824.1134974
41033	23343.6398974
41035	22570.3094974
41037	22244.6966974
41039	23384.3414974
41041	23112.9974974
41043	22502.4734974
41045	21593.4710974
41047	22800.9518974
41049	21349.2614974
41051	25460.1230974
41053	22800.9518974
41055	22244.6966974
41057	23194.4006974
41059	22095.4574974
41061	21444.2318974
41063	21878.3822974
41065	22787.3846974
41067	25460.1230974
41069	21349.2614974
41071	25460.1230974
42001	23780.9010811
42003	23685.9636931
42005	21488.8412851
42007	23685.9636931
42009	22289.0278411
42011	23902.9634371
42013	22845.0896851
42015	21624.4661251
42017	27876.7712491
42019	23685.9636931
42021	22383.9652291
42023	22383.9652291
42025	25557.5864851
42027	25177.8369331
42029	27876.7712491
42031	22383.9652291
42033	21814.3409011
42035	22356.8402611
42037	22221.2154211
42039	22153.4030011
42041	24079.2757291
42043	24079.2757291
42045	27876.7712491
42047	22072.0280971
42049	22261.9028731
42051	23685.9636931
42053	23048.5269451
42055	22967.1520411
42057	22383.9652291
42059	22166.9654851
42061	22302.5903251
42063	22940.0270731
42065	22194.0904531
42067	22248.3403891
42069	22655.2149091
42071	24635.3375731
42073	22533.1525531
42075	22614.5274571
42077	25557.5864851
42079	22655.2149091
42081	22112.7155491
42083	22017.7781611
42085	21855.0283531
42087	21827.9033851
42089	24133.5256651
42091	27876.7712491
42093	23021.4019771
42095	25557.5864851
42097	22221.2154211
42099	24079.2757291
42101	27876.7712491
42103	27483.4592131
42105	22383.9652291
42107	21732.9659971
42109	22478.9026171
42111	22207.6529371
42113	22058.4656131
42115	22845.0896851
42117	22506.0275851
42119	22139.8405171
42121	21610.9036411
42123	22275.4653571
42125	23685.9636931
42127	23211.2767531
42129	23685.9636931
42131	22655.2149091
42133	23645.2762411
45001	21206.52792
45003	23064.57672
45005	21681.21192
45007	22020.27192
45009	21125.15352
45011	21125.15352
45013	24868.37592
45015	24990.43752
45017	23837.63352
45019	24990.43752
45021	22020.27192
45023	22020.27192
45025	22020.27192
45027	21125.15352
45029	22386.45672
45031	22183.02072
45033	21125.15352
45035	24990.43752
45037	23064.57672
45039	23837.63352
45041	21857.52312
45043	22006.70952
45045	23173.07592
45047	21382.83912
45049	21125.15352
45051	23552.82312
45053	22128.77112
45055	22074.52152
45057	21735.46152
45059	21532.02552
45061	22020.27192
45063	23837.63352
45065	21518.46312
45067	22020.27192
45069	21125.15352
45071	21830.39832
45073	21559.15032
45075	22006.70952
45077	23173.07592
45079	23837.63352
45081	23837.63352
45083	22522.08072
45085	22888.26552
45087	21192.96552
45089	22020.27192
45091	24068.19432
46003	21194.4468141
46005	20652.0948141
46007	21492.7404141
46009	21194.4468141
46011	20950.3884141
46013	20936.8296141
46015	21492.7404141
46017	21628.3284141
46019	21289.3584141
46021	20991.0648141
46023	21492.7404141
46025	20652.0948141
46027	21560.5344141
46029	20923.2708141
46031	20665.6536141
46033	21763.9164141
46035	21140.2116141
46037	20652.0948141
46039	21492.7404141
46041	20652.0948141
46043	20652.0948141
46045	21275.7996141
46047	22130.0040141
46049	21492.7404141
46051	21031.7412141
46053	21492.7404141
46055	20665.6536141
46057	21126.6528141
46059	20814.8004141
46061	20719.8888141
46063	20665.6536141
46065	21113.0940141
46067	21424.9464141
46069	20665.6536141
46071	21492.7404141
46073	21018.1824141
46075	20665.6536141
46077	20896.1532141
46079	21492.7404141
46081	21235.1232141
46083	22889.2968141
46085	21208.0056141
46087	22889.2968141
46089	20652.0948141
46091	20652.0948141
46093	21872.3868141
46095	20665.6536141
46097	21492.7404141
46099	22889.2968141
46101	20652.0948141
46103	22577.4444141
46105	21113.0940141
46107	21492.7404141
46109	21438.5052141
46111	21492.7404141
46113	21248.6820141
46115	21492.7404141
46117	21777.4752141
46119	21546.9756141
46121	20665.6536141
46123	20652.0948141
46125	22889.2968141
46127	22035.0924141
46129	21492.7404141
46135	20652.0948141
46137	20963.9472141
47001	23375.9339754
47003	21910.8059754
47005	20499.9419754
47007	20689.8659754
47009	23375.9339754
47011	21368.1659754
47013	20974.7519754
47015	24501.9119754
47017	20499.9419754
47019	21829.4099754
47021	24501.9119754
47023	22141.4279754
47025	21232.5059754
47027	20499.9419754
47029	21123.9779754
47031	21151.1099754
47033	21517.3919754
47035	21530.9579754
47037	24501.9119754
47039	21300.3359754
47041	20499.9419754
47043	24501.9119754
47045	20635.6019754
47047	23782.9139754
47049	20499.9419754
47051	20703.4319754
47053	21015.4499754
47055	21937.9379754
47057	21435.9959754
47059	21463.1279754
47061	20730.5639754
47063	21435.9959754
47065	22263.5219754
47067	20594.9039754
47069	21300.3359754
47071	20499.9419754
47073	21368.1659754
47075	22154.9939754
47077	20527.0739754
47079	21476.6939754
47081	21191.8079754
47083	20499.9419754
47085	21300.3359754
47087	20499.9419754
47089	21435.9959754
47091	20499.9419754
47093	23375.9339754
47095	20852.6579754
47097	20499.9419754
47099	20757.6959754
47101	21300.3359754
47103	20689.8659754
47105	23375.9339754
47107	21463.1279754
47109	20499.9419754
47111	20499.9419754
47113	22141.4279754
47115	22263.5219754
47117	21381.7319754
47119	21164.6759754
47121	20689.8659754
47123	20649.1679754
47125	22833.2939754
47127	21083.2799754
47129	20879.7899754
47131	20499.9419754
47133	20540.6399754
47135	21300.3359754
47137	20689.8659754
47139	21368.1659754
47141	21069.7139754
47143	21083.2799754
47145	20947.6199754
47147	24501.9119754
47149	24501.9119754
47151	21300.3359754
47153	22263.5219754
47155	22195.6919754
47157	23782.9139754
47159	20635.6019754
47161	20730.5639754
47163	21368.1659754
47165	24501.9119754
47167	23782.9139754
47169	24501.9119754
47171	21829.4099754
47173	23375.9339754
47175	20689.8659754
47177	20499.9419754
47179	21829.4099754
47181	20499.9419754
47183	20893.3559754
47185	20811.9599754
47187	24501.9119754
47189	24501.9119754
48001	22284.4729647
48003	21308.2393647
48005	22609.8841647
48007	21660.7681647
48009	22352.2669647
48011	22216.6789647
48013	21755.6797647
48015	21850.5913647
48017	21511.6213647
48019	23884.4113647
48021	26189.4073647
48023	21009.9457647
48025	22040.4145647
48027	22094.6497647
48029	23884.4113647
48031	22691.2369647
48033	21498.0625647
48035	21281.1217647
48037	22392.9433647
48039	23355.6181647
48041	24169.1461647
48043	22067.5321647
48045	21335.3569647
48047	21904.8265647
48049	21321.7981647
48051	24169.1461647
48053	21457.3861647
48055	26189.4073647
48057	21742.1209647
48059	22569.2077647
48061	21972.6205647
48063	21904.8265647
48065	22216.6789647
48067	21389.5921647
48069	21904.8265647
48071	24792.8509647
48073	21809.9149647
48075	22216.6789647
48077	22352.2669647
48079	21009.9457647
48081	21009.9457647
48083	21009.9457647
48085	24413.2045647
48087	21335.3569647
48089	21009.9457647
48091	23884.4113647
48093	21009.9457647
48095	24819.9685647
48097	22772.5897647
48099	22094.6497647
48101	21647.2093647
48103	22487.8549647
48105	21009.9457647
48107	22609.8841647
48109	21335.3569647
48111	21904.8265647
48113	24413.2045647
48115	21823.4737647
48117	21023.5045647
48119	24413.2045647
48121	24413.2045647
48123	21009.9457647
48125	21335.3569647
48127	21904.8265647
48129	21009.9457647
48131	22718.3545647
48133	21009.9457647
48135	25077.5857647
48137	21335.3569647
48139	24413.2045647
48141	22826.8249647
48143	21782.7973647
48145	21145.5337647
48147	21159.0925647
48149	21240.4453647
48151	21009.9457647
48153	21904.8265647
48155	21335.3569647
48157	24792.8509647
48159	21009.9457647
48161	22487.8549647
48163	21904.8265647
48165	21023.5045647
48167	24792.8509647
48169	21904.8265647
48171	23396.2945647
48173	21498.0625647
48175	22460.7373647
48177	21009.9457647
48179	21362.4745647
48181	23070.8833647
48183	23436.9709647
48185	21525.1801647
48187	23884.4113647
48189	21403.1509647
48191	21335.3569647
48193	21009.9457647
48195	21904.8265647
48197	21416.7097647
48199	23436.9709647
48201	24792.8509647
48203	21552.2977647
48205	21009.9457647
48207	21335.3569647
48209	26189.4073647
48211	22460.7373647
48213	22216.6789647
48215	21443.8273647
48217	21633.6505647
48219	21769.2385647
48221	23179.3537647
48223	21687.8857647
48225	21186.2101647
48227	21172.6513647
48229	21335.3569647
48231	24413.2045647
48233	22203.1201647
48235	22040.4145647
48237	22243.7965647
48239	22637.0017647
48241	22284.4729647
48243	21904.8265647
48245	23436.9709647
48247	21904.8265647
48249	22542.0901647
48251	24453.8809647
48253	22569.2077647
48255	21904.8265647
48257	24413.2045647
48259	24277.6165647
48261	22487.8549647
48263	22596.3253647
48265	23070.8833647
48267	21376.0333647
48269	21498.0625647
48271	21240.4453647
48273	21674.3269647
48275	21335.3569647
48277	21904.8265647
48279	21904.8265647
48281	21904.8265647
48283	21009.9457647
48285	21009.9457647
48287	21904.8265647
48289	21335.3569647
48291	24792.8509647
48293	22311.5905647
48295	21009.9457647
48297	21904.8265647
48299	21009.9457647
48301	21498.0625647
48303	22609.8841647
48305	21904.8265647
48307	21009.9457647
48309	22189.5613647
48311	21498.0625647
48313	21904.8265647
48315	21009.9457647
48317	21904.8265647
48319	21335.3569647
48321	21809.9149647
48323	21904.8265647
48325	21565.8565647
48327	21064.1809647
48329	24345.4105647
48331	21430.2685647
48333	21348.9157647
48335	21904.8265647
48337	21254.0041647
48339	24792.8509647
48341	22135.3261647
48343	21104.8573647
48345	21335.3569647
48347	22365.8257647
48349	22189.5613647
48351	21782.7973647
48353	21904.8265647
48355	23491.2061647
48357	21986.1793647
48359	22433.6197647
48361	23436.9709647
48363	21823.4737647
48365	21009.9457647
48367	24453.8809647
48369	21904.8265647
48371	21850.5913647
48373	21050.6221647
48375	22216.6789647
48377	21904.8265647
48379	21009.9457647
48381	22216.6789647
48383	21633.6505647
48385	21009.9457647
48387	21009.9457647
48389	21484.5037647
48391	21131.9749647
48393	21498.0625647
48395	24169.1461647
48397	24413.2045647
48399	21904.8265647
48401	21484.5037647
48403	21904.8265647
48405	21009.9457647
48407	24792.8509647
48409	23491.2061647
48411	21009.9457647
48413	21009.9457647
48415	21009.9457647
48417	21335.3569647
48419	21009.9457647
48421	21904.8265647
48423	24630.1453647
48425	21904.8265647
48427	21009.9457647
48429	21254.0041647
48431	22555.6489647
48433	21484.5037647
48435	21660.7681647
48437	21009.9457647
48439	24453.8809647
48441	22569.2077647
48443	21904.8265647
48445	21213.3277647
48447	21335.3569647
48449	21376.0333647
48451	22040.4145647
48453	26189.4073647
48455	21823.4737647
48457	21308.2393647
48459	23436.9709647
48461	21904.8265647
48463	21904.8265647
48465	21009.9457647
48467	21877.7089647
48469	22460.7373647
48471	22786.1485647
48473	24792.8509647
48475	21904.8265647
48477	22921.7365647
48479	23003.0893647
48481	21674.3269647
48483	21904.8265647
48485	22352.2669647
48487	21348.9157647
48489	21064.1809647
48491	26189.4073647
48493	23884.4113647
48495	21009.9457647
48497	22596.3253647
48499	21267.5629647
48501	21498.0625647
48503	21972.6205647
48505	21009.9457647
48507	21904.8265647
49001	22526.7528724
49003	22513.1880724
49005	21916.3368724
49007	21834.9480724
49009	24222.3528724
49011	23381.3352724
49013	23082.9096724
49015	22513.1880724
49017	22011.2904724
49019	23394.9000724
49021	22513.1880724
49023	23666.1960724
49025	24425.8248724
49027	22513.1880724
49029	23381.3352724
49031	24303.7416724
49033	24398.6952724
49035	24981.9816724
49037	22513.1880724
49039	21957.0312724
49041	22513.1880724
49043	24561.4728724
49045	23191.4280724
49047	24493.6488724
49049	23666.1960724
49051	25009.1112724
49053	23164.2984724
49055	22513.1880724
49057	23381.3352724
51001	23118.82632
51003	26251.74072
51005	21532.02552
51007	25980.49272
51009	22020.27192
51011	22020.27192
51013	31527.51432
51015	22440.70632
51017	21776.14872
51019	22020.27192
51021	21776.14872
51023	22562.76792
51025	20908.15512
51027	21776.14872
51029	22128.77112
51031	22020.27192
51033	25980.49272
51035	21776.14872
51036	25980.49272
51037	21260.77752
51041	25980.49272
51043	31527.51432
51045	22562.76792
51047	23430.76152
51049	25980.49272
51051	20908.15512
51053	25980.49272
51057	24244.50552
51059	31527.51432
51061	31527.51432
51063	20908.15512
51065	26251.74072
51067	21342.15192
51069	23145.95112
51071	21776.14872
51073	27458.79432
51075	25980.49272
51077	21776.14872
51079	26251.74072
51081	21776.14872
51083	21247.21512
51085	25980.49272
51087	25980.49272
51089	21749.02392
51091	21776.14872
51093	27458.79432
51095	27458.79432
51097	25980.49272
51099	24393.69192
51101	25980.49272
51103	22766.20392
51105	21613.39992
51107	31527.51432
51109	22928.95272
51111	20908.15512
51113	22549.20552
51115	27458.79432
51117	21776.14872
51119	21925.33512
51121	22915.39032
51125	26251.74072
51127	25980.49272
51131	21816.83592
51133	21613.39992
51135	22915.39032
51137	23010.32712
51139	22047.39672
51141	21776.14872
51143	21532.02552
51145	25980.49272
51147	21952.45992
51149	25980.49272
51153	31527.51432
51155	21776.14872
51157	26048.30472
51159	21925.33512
51161	22562.76792
51163	22020.27192
51165	22427.14392
51167	21776.14872
51169	21233.65272
51171	22766.20392
51173	21776.14872
51175	22413.58152
51177	31527.51432
51179	31527.51432
51181	27458.79432
51183	25980.49272
51185	21776.14872
51187	24041.06952
51191	21233.65272
51193	22318.64472
51195	21776.14872
51197	21084.46632
51199	27458.79432
51510	31527.51432
51515	22020.27192
51520	21233.65272
51530	22020.27192
51540	26251.74072
51550	27458.79432
51560	21532.02552
51570	25980.49272
51580	21532.02552
51590	21532.02552
51595	21776.14872
51600	31527.51432
51610	31527.51432
51620	22413.58152
51630	31527.51432
51640	21776.14872
51650	27458.79432
51660	22427.14392
51670	25980.49272
51678	22020.27192
51680	22020.27192
51683	31527.51432
51685	31527.51432
51690	21749.02392
51700	27458.79432
51710	27458.79432
51720	21776.14872
51730	25980.49272
51735	27458.79432
51740	27458.79432
51750	22915.39032
51760	25980.49272
51770	22562.76792
51775	22562.76792
51790	22440.70632
51800	27458.79432
51810	27458.79432
51820	22440.70632
51830	27458.79432
51840	23145.95112
53001	22256.9118097
53003	21890.8242097
53005	22961.9694097
53007	23083.9986097
53009	22541.6466097
53011	25470.3474097
53013	21362.0310097
53015	22500.9702097
53017	23083.9986097
53019	22256.9118097
53021	22961.9694097
53023	22256.9118097
53025	21741.6774097
53027	22175.5590097
53029	24277.1730097
53031	24046.6734097
53033	27355.0206097
53035	24805.9662097
53037	22948.4106097
53039	22541.6466097
53041	22433.1762097
53043	21484.0602097
53045	23233.1454097
53047	21904.3830097
53049	22582.3230097
53051	21362.0310097
53053	25375.4358097
53055	24046.6734097
53057	24128.0262097
53059	25470.3474097
53061	27355.0206097
53063	22378.9410097
53065	21362.0310097
53067	25416.1122097
53069	21362.0310097
53071	22121.3238097
53073	24100.9086097
53075	22284.0294097
53077	22677.2346097
54001	21101.0257718
54003	22294.6225718
54005	20504.2273718
54007	20477.1001718
54009	21494.3701718
54011	21819.8965718
54013	21182.4073718
54015	22932.1117718
54017	20585.6089718
54019	20734.8085718
54021	20992.5169718
54023	21670.6969718
54025	21765.6421718
54027	23149.1293718
54029	21494.3701718
54031	20829.7537718
54033	22647.2761718
54035	20477.1001718
54037	23691.6733718
54039	22932.1117718
54041	21114.5893718
54043	22932.1117718
54045	21277.3525718
54047	21277.3525718
54049	21914.8417718
54051	21412.9885718
54053	20639.8633718
54055	20802.6265718
54057	22009.7869718
54059	21250.2253718
54061	23325.4561718
54063	21277.3525718
54065	22294.6225718
54067	21277.3525718
54069	21412.9885718
54071	21277.3525718
54073	21101.0257718
54075	20477.1001718
54077	23325.4561718
54079	22932.1117718
54081	21575.7517718
54083	21643.5697718
54085	21277.3525718
54087	21277.3525718
54089	21019.6441718
54091	21250.2253718
54093	21277.3525718
54095	21128.1529718
54097	20734.8085718
54099	21819.8965718
54101	21236.6617718
54103	20978.9533718
54105	21101.0257718
54107	21101.0257718
54109	20870.4445718
55001	22041.9595338
55003	21485.7614058
55005	21797.7749898
55007	22164.0518058
55009	21729.9459498
55011	21919.8672618
55013	21757.0775658
55015	21824.9066058
55017	22598.1576618
55019	21146.6162058
55021	22055.5253418
55023	21146.6162058
55025	24822.9501738
55027	22381.1047338
55029	22408.2363498
55031	21906.3014538
55033	21472.1955978
55035	22598.1576618
55037	21309.4059018
55039	21662.1169098
55041	21146.6162058
55043	21322.9717098
55045	21377.2349418
55047	21458.6297898
55049	22353.9731178
55051	21146.6162058
55053	21540.0246378
55055	22964.4344778
55057	21458.6297898
55059	25012.8714858
55061	21729.9459498
55063	21811.3407978
55065	21377.2349418
55067	21499.3272138
55069	21146.6162058
55071	21241.5768618
55073	21472.1955978
55075	21431.4981738
55077	21662.1169098
55078	21445.0639818
55079	23520.6326058
55081	22041.9595338
55083	21729.9459498
55085	22448.9337738
55087	21824.9066058
55089	23520.6326058
55091	22041.9595338
55093	25012.8714858
55095	22353.9731178
55097	21757.0775658
55099	21146.6162058
55101	22150.4859978
55103	21865.6040298
55105	22679.5525098
55107	21146.6162058
55109	25012.8714858
55111	22733.8157418
55113	22109.7885738
55115	21146.6162058
55117	22611.7234698
55119	21146.6162058
55121	21146.6162058
55123	21146.6162058
55125	21892.7356458
55127	22788.0789738
55129	22001.2621098
55131	23520.6326058
55133	23520.6326058
55135	21363.6691338
55137	21228.0110538
55139	21580.7220618
55141	21431.4981738
56001	23042.1923097
56003	21591.4007097
56005	24831.9539097
56007	22038.8411097
56009	21604.9595097
56011	22486.2815097
56013	22445.6051097
56015	21618.5183097
56017	22486.2815097
56019	22269.3407097
56021	23109.9863097
56023	23733.6911097
56025	23015.0747097
56027	22499.8403097
56029	22310.0171097
56031	22486.2815097
56033	23964.1907097
56035	26201.3927097
56037	24316.7195097
56039	26350.5395097
56041	21835.4591097
56043	22486.2815097
56045	21916.8119097
