	id	rate
0	1001	0.422
1	1003	0.441
2	1005	0.638
3	1007	0.562
4	1009	0.515
5	1011	0.598
6	1013	0.649
7	1015	0.548
8	1017	0.604
9	1019	0.694
10	1021	0.54
11	1023	0.686
12	1025	0.699
13	1027	0.665
14	1029	0.737
15	1031	0.464
16	1033	0.555
17	1035	0.707
18	1037	0.611
19	1039	0.585
20	1041	0.65
21	1043	0.621
22	1045	0.525
23	1047	0.654
24	1049	0.632
25	1051	0.401
26	1053	0.663
27	1055	0.598
28	1057	0.744
29	1059	0.636
30	1061	0.62
31	1063	0.694
32	1065	0.629
33	1067	0.631
34	1069	0.516
35	1071	0.609
36	1073	0.447
37	1075	0.633
38	1077	0.555
39	1079	0.549
40	1081	0.536
41	1083	0.481
42	1085	0.784
43	1087	0.615
44	1089	0.375
45	1091	0.698
46	1093	0.69
47	1095	0.586
48	1097	0.49
49	1099	0.705
50	1101	0.422
51	1103	0.491
52	1105	0.732
53	1107	0.699
54	1109	0.613
55	1111	0.627
56	1113	0.518
57	1115	0.42
58	1117	0.306
59	1119	0.72
60	1121	0.596
61	1123	0.542
62	1125	0.492
63	1127	0.627
64	1129	0.549
65	1131	0.641
66	1133	0.718
67	2013	0.266
68	2016	0.26
69	2020	0.325
70	2050	0.489
71	2060	0.283
72	2068	0.262
73	2070	0.502
74	2090	0.357
75	2100	0.368
76	2105	0.426
77	2110	0.32
78	2122	0.383
79	2130	0.439
80	2150	0.557
81	2164	0.517
82	2170	0.462
83	2180	0.498
84	2185	0.388
85	2188	0.382
86	2195	0.356
87	2198	0.504
88	2220	0.399
89	2230	0.325
90	2240	0.309
91	2261	0.409
92	2270	0.604
93	2275	0.45
94	2282	0.258
95	2290	0.586
96	4001	0.636
97	4003	0.451
98	4005	0.537
99	4007	0.538
100	4009	0.501
101	4011	0.378
102	4012	0.526
103	4013	0.488
104	4015	0.508
105	4017	0.535
106	4019	0.434
107	4021	0.548
108	4023	0.568
109	4025	0.463
110	4027	0.46
111	5001	0.545
112	5003	0.634
113	5005	0.638
114	5007	0.382
115	5009	0.556
116	5011	0.618
117	5013	0.744
118	5015	0.552
119	5017	0.661
120	5019	0.655
121	5021	0.643
122	5023	0.595
123	5025	0.528
124	5027	0.646
125	5029	0.528
126	5031	0.524
127	5033	0.572
128	5035	0.53
129	5037	0.666
130	5039	0.686
131	5041	0.668
132	5043	0.651
133	5045	0.459
134	5047	0.533
135	5049	0.634
136	5051	0.519
137	5053	0.48
138	5055	0.601
139	5057	0.669
140	5059	0.573
141	5061	0.596
142	5063	0.56
143	5065	0.635
144	5067	0.614
145	5069	0.553
146	5071	0.631
147	5073	0.626
148	5075	0.648
149	5077	0.727
150	5079	0.643
151	5081	0.59
152	5083	0.624
153	5085	0.429
154	5087	0.591
155	5089	0.662
156	5091	0.528
157	5093	0.6
158	5095	0.643
159	5097	0.624
160	5099	0.673
161	5101	0.718
162	5103	0.622
163	5105	0.543
164	5107	0.633
165	5109	0.601
166	5111	0.644
167	5113	0.613
168	5115	0.515
169	5117	0.566
170	5119	0.416
171	5121	0.633
172	5123	0.606
173	5125	0.371
174	5127	0.582
175	5129	0.677
176	5131	0.517
177	5133	0.591
178	5135	0.687
179	5137	0.738
180	5139	0.559
181	5141	0.627
182	5143	0.488
183	5145	0.596
184	5147	0.698
185	5149	0.568
186	6001	0.407
187	6003	0.452
188	6005	0.612
189	6007	0.487
190	6009	0.56
191	6011	0.368
192	6013	0.381
193	6015	0.556
194	6017	0.5
195	6019	0.445
196	6021	0.565
197	6023	0.618
198	6025	0.564
199	6027	0.587
200	6029	0.42
201	6031	0.424
202	6033	0.564
203	6035	0.43
204	6037	0.458
205	6039	0.51
206	6041	0.0
207	6043	0.486
208	6045	0.492
209	6047	0.473
210	6049	0.505
211	6051	0.378
212	6053	0.434
213	6055	0.416
214	6057	0.479
215	6059	0.377
216	6061	0.442
217	6063	0.476
218	6065	0.515
219	6067	0.461
220	6069	0.435
221	6071	0.524
222	6073	0.423
223	6075	0.0
224	6077	0.412
225	6079	0.511
226	6081	0.0
227	6083	0.462
228	6085	0.335
229	6087	0.448
230	6089	0.623
231	6091	0.49
232	6093	0.537
233	6095	0.422
234	6097	0.426
235	6099	0.434
236	6101	0.422
237	6103	0.471
238	6105	0.539
239	6107	0.469
240	6109	0.425
241	6111	0.396
242	6113	0.54
243	6115	0.462
244	8001	0.466
245	8003	0.693
246	8005	0.433
247	8007	0.392
248	8009	0.562
249	8011	0.496
250	8013	0.449
251	8014	0.411
252	8015	0.455
253	8017	0.487
254	8019	0.402
255	8021	0.643
256	8023	0.606
257	8025	0.551
258	8027	0.584
259	8029	0.568
260	8031	0.44
261	8033	0.56
262	8035	0.284
263	8037	0.267
264	8039	0.362
265	8041	0.361
266	8043	0.478
267	8045	0.435
268	8047	0.414
269	8049	0.262
270	8051	0.413
271	8053	0.445
272	8055	0.585
273	8057	0.404
274	8059	0.424
275	8061	0.603
276	8063	0.516
277	8065	0.453
278	8067	0.47
279	8069	0.51
280	8071	0.542
281	8073	0.517
282	8075	0.479
283	8077	0.435
284	8079	0.484
285	8081	0.451
286	8083	0.448
287	8085	0.52
288	8087	0.479
289	8089	0.629
290	8091	0.445
291	8093	0.516
292	8095	0.522
293	8097	0.318
294	8099	0.577
295	8101	0.494
296	8103	0.419
297	8105	0.543
298	8107	0.462
299	8109	0.514
300	8111	0.363
301	8113	0.443
302	8115	0.602
303	8117	0.344
304	8119	0.426
305	8121	0.476
306	8123	0.398
307	8125	0.355
308	10001	0.501
309	10003	0.455
310	10005	0.386
311	11001	0.326
312	12001	0.489
313	12003	0.453
314	12005	0.395
315	12007	0.606
316	12009	0.41
317	12011	0.51
318	12013	0.567
319	12015	0.474
320	12017	0.54
321	12019	0.504
322	12021	0.463
323	12023	0.529
324	12027	0.538
325	12029	0.652
326	12031	0.546
327	12033	0.426
328	12035	0.58
329	12037	0.506
330	12039	0.737
331	12041	0.597
332	12043	0.55
333	12045	0.532
334	12047	0.548
335	12049	0.542
336	12051	0.549
337	12053	0.672
338	12055	0.536
339	12057	0.516
340	12059	0.612
341	12061	0.455
342	12063	0.571
343	12065	0.622
344	12067	0.526
345	12069	0.618
346	12071	0.399
347	12073	0.59
348	12075	0.574
349	12077	0.562
350	12079	0.652
351	12081	0.577
352	12083	0.496
353	12085	0.412
354	12086	0.587
355	12087	0.461
356	12089	0.505
357	12091	0.337
358	12093	0.541
359	12095	0.532
360	12097	0.592
361	12099	0.496
362	12101	0.626
363	12103	0.565
364	12105	0.472
365	12107	0.618
366	12109	0.497
367	12111	0.471
368	12113	0.38
369	12115	0.545
370	12117	0.485
371	12119	0.454
372	12121	0.604
373	12123	0.461
374	12125	0.472
375	12127	0.478
376	12129	0.402
377	12131	0.453
378	12133	0.548
379	13001	0.52
380	13003	0.769
381	13005	0.652
382	13007	0.574
383	13009	0.597
384	13011	0.596
385	13013	0.41
386	13015	0.472
387	13017	0.593
388	13019	0.655
389	13021	0.519
390	13023	0.663
391	13025	0.669
392	13027	0.589
393	13029	0.418
394	13031	0.593
395	13033	0.602
396	13035	0.478
397	13037	0.666
398	13039	0.393
399	13043	0.618
400	13045	0.494
401	13047	0.527
402	13049	0.693
403	13051	0.397
404	13053	0.326
405	13055	0.644
406	13057	0.307
407	13059	0.55
408	13061	0.798
409	13063	0.401
410	13065	0.691
411	13067	0.283
412	13069	0.65
413	13071	0.65
414	13073	0.3
415	13075	0.528
416	13077	0.333
417	13079	0.52
418	13081	0.615
419	13083	0.571
420	13085	0.507
421	13087	0.656
422	13089	0.325
423	13091	0.628
424	13093	0.677
425	13095	0.574
426	13097	0.335
427	13099	0.666
428	13101	0.776
429	13103	0.381
430	13105	0.663
431	13107	0.592
432	13109	0.495
433	13111	0.575
434	13113	0.289
435	13115	0.523
436	13117	0.354
437	13119	0.624
438	13121	0.338
439	13123	0.577
440	13125	0.485
441	13127	0.447
442	13129	0.503
443	13131	0.703
444	13133	0.566
445	13135	0.284
446	13137	0.567
447	13139	0.425
448	13141	0.721
449	13143	0.556
450	13145	0.472
451	13147	0.579
452	13149	0.487
453	13151	0.321
454	13153	0.365
455	13155	0.62
456	13157	0.481
457	13159	0.546
458	13161	0.564
459	13163	0.705
460	13165	0.625
461	13167	0.756
462	13169	0.435
463	13171	0.534
464	13173	0.68
465	13175	0.634
466	13177	0.36
467	13179	0.417
468	13181	0.605
469	13183	0.35
470	13185	0.508
471	13187	0.599
472	13189	0.582
473	13191	0.559
474	13193	0.697
475	13195	0.449
476	13197	0.537
477	13199	0.599
478	13201	0.555
479	13205	0.637
480	13207	0.502
481	13209	0.65
482	13211	0.407
483	13213	0.613
484	13215	0.466
485	13217	0.414
486	13219	0.32
487	13221	0.486
488	13223	0.308
489	13225	0.481
490	13227	0.474
491	13229	0.568
492	13231	0.494
493	13233	0.597
494	13235	0.555
495	13237	0.484
496	13239	0.581
497	13241	0.628
498	13243	0.674
499	13245	0.482
500	13247	0.345
501	13249	0.736
502	13251	0.635
503	13253	0.586
504	13255	0.584
505	13257	0.654
506	13259	0.65
507	13261	0.606
508	13263	0.742
509	13265	0.729
510	13267	0.604
511	13269	0.686
512	13271	0.702
513	13273	0.578
514	13275	0.552
515	13277	0.538
516	13279	0.707
517	13281	0.637
518	13283	0.557
519	13285	0.528
520	13287	0.606
521	13289	0.709
522	13291	0.579
523	13293	0.548
524	13295	0.608
525	13297	0.479
526	13299	0.63
527	13301	0.656
528	13303	0.626
529	13305	0.58
530	13307	0.719
531	13309	0.709
532	13311	0.609
533	13313	0.512
534	13315	0.604
535	13317	0.604
536	13319	0.51
537	13321	0.559
538	15001	0.472
539	15003	0.393
540	15005	0.4
541	15007	0.484
542	15009	0.437
543	16001	0.381
544	16003	0.585
545	16005	0.504
546	16007	0.51
547	16009	0.472
548	16011	0.52
549	16013	0.332
550	16015	0.546
551	16017	0.528
552	16019	0.429
553	16021	0.619
554	16023	0.595
555	16025	0.538
556	16027	0.522
557	16029	0.516
558	16031	0.648
559	16033	0.492
560	16035	0.479
561	16037	0.569
562	16039	0.4
563	16041	0.569
564	16043	0.405
565	16045	0.621
566	16047	0.59
567	16049	0.591
568	16051	0.514
569	16053	0.525
570	16055	0.441
571	16057	0.533
572	16059	0.645
573	16061	0.562
574	16063	0.548
575	16065	0.542
576	16067	0.499
577	16069	0.436
578	16071	0.529
579	16073	0.631
580	16075	0.512
581	16077	0.391
582	16079	0.577
583	16081	0.446
584	16083	0.458
585	16085	0.433
586	16087	0.651
587	17001	0.482
588	17003	0.725
589	17005	0.524
590	17007	0.364
591	17009	0.491
592	17011	0.453
593	17013	0.565
594	17015	0.436
595	17017	0.443
596	17019	0.483
597	17021	0.44
598	17023	0.496
599	17025	0.547
600	17027	0.412
601	17029	0.557
602	17031	0.472
603	17033	0.474
604	17035	0.448
605	17037	0.456
606	17039	0.437
607	17041	0.463
608	17043	0.391
609	17045	0.543
610	17047	0.546
611	17049	0.469
612	17051	0.5
613	17053	0.47
614	17055	0.572
615	17057	0.474
616	17059	0.636
617	17061	0.45
618	17063	0.395
619	17065	0.6
620	17067	0.489
621	17069	0.627
622	17071	0.46
623	17073	0.412
624	17075	0.48
625	17077	0.614
626	17079	0.443
627	17081	0.548
628	17083	0.476
629	17085	0.431
630	17087	0.612
631	17089	0.448
632	17091	0.412
633	17093	0.211
634	17095	0.511
635	17097	0.425
636	17099	0.45
637	17101	0.562
638	17103	0.42
639	17105	0.426
640	17107	0.484
641	17109	0.606
642	17111	0.429
643	17113	0.4
644	17115	0.447
645	17117	0.472
646	17119	0.427
647	17121	0.565
648	17123	0.382
649	17125	0.544
650	17127	0.472
651	17129	0.447
652	17131	0.414
653	17133	0.338
654	17135	0.538
655	17137	0.454
656	17139	0.442
657	17141	0.413
658	17143	0.399
659	17145	0.564
660	17147	0.342
661	17149	0.533
662	17151	0.531
663	17153	0.651
664	17155	0.459
665	17157	0.466
666	17159	0.503
667	17161	0.414
668	17163	0.441
669	17165	0.573
670	17167	0.37
671	17169	0.417
672	17171	0.476
673	17173	0.512
674	17175	0.479
675	17177	0.477
676	17179	0.377
677	17181	0.485
678	17183	0.464
679	17185	0.548
680	17187	0.502
681	17189	0.404
682	17191	0.491
683	17193	0.535
684	17195	0.46
685	17197	0.434
686	17199	0.527
687	17201	0.444
688	17203	0.412
689	18001	0.489
690	18003	0.393
691	18005	0.413
692	18007	0.425
693	18009	0.587
694	18011	0.346
695	18013	0.431
696	18015	0.398
697	18017	0.461
698	18019	0.435
699	18021	0.493
700	18023	0.441
701	18025	0.548
702	18027	0.488
703	18029	0.405
704	18031	0.398
705	18033	0.461
706	18035	0.544
707	18037	0.453
708	18039	0.426
709	18041	0.631
710	18043	0.44
711	18045	0.456
712	18047	0.426
713	18049	0.533
714	18051	0.45
715	18053	0.509
716	18055	0.525
717	18057	0.241
718	18059	0.346
719	18061	0.467
720	18063	0.273
721	18065	0.502
722	18067	0.495
723	18069	0.475
724	18071	0.473
725	18073	0.418
726	18075	0.545
727	18077	0.439
728	18079	0.434
729	18081	0.345
730	18083	0.536
731	18085	0.429
732	18087	0.495
733	18089	0.437
734	18091	0.437
735	18093	0.523
736	18095	0.498
737	18097	0.417
738	18099	0.477
739	18101	0.461
740	18103	0.483
741	18105	0.508
742	18107	0.415
743	18109	0.404
744	18111	0.463
745	18113	0.485
746	18115	0.503
747	18117	0.544
748	18119	0.487
749	18121	0.493
750	18123	0.567
751	18125	0.475
752	18127	0.377
753	18129	0.458
754	18131	0.531
755	18133	0.412
756	18135	0.528
757	18137	0.492
758	18139	0.465
759	18141	0.456
760	18143	0.496
761	18145	0.393
762	18147	0.496
763	18149	0.5
764	18151	0.424
765	18153	0.557
766	18155	0.494
767	18157	0.499
768	18159	0.419
769	18161	0.533
770	18163	0.451
771	18165	0.5
772	18167	0.521
773	18169	0.525
774	18171	0.509
775	18173	0.332
776	18175	0.448
777	18177	0.564
778	18179	0.467
779	18181	0.439
780	18183	0.394
781	19001	0.426
782	19003	0.531
783	19005	0.449
784	19007	0.554
785	19009	0.51
786	19011	0.403
787	19013	0.41
788	19015	0.429
789	19017	0.441
790	19019	0.394
791	19021	0.468
792	19023	0.443
793	19025	0.504
794	19027	0.469
795	19029	0.447
796	19031	0.369
797	19033	0.444
798	19035	0.435
799	19037	0.504
800	19039	0.543
801	19041	0.484
802	19043	0.417
803	19045	0.471
804	19047	0.462
805	19049	0.295
806	19051	0.521
807	19053	0.62
808	19055	0.404
809	19057	0.478
810	19059	0.486
811	19061	0.39
812	19063	0.457
813	19065	0.488
814	19067	0.525
815	19069	0.516
816	19071	0.455
817	19073	0.451
818	19075	0.383
819	19077	0.421
820	19079	0.461
821	19081	0.41
822	19083	0.477
823	19085	0.467
824	19087	0.408
825	19089	0.415
826	19091	0.482
827	19093	0.465
828	19095	0.33
829	19097	0.529
830	19099	0.425
831	19101	0.538
832	19103	0.425
833	19105	0.407
834	19107	0.44
835	19109	0.425
836	19111	0.48
837	19113	0.373
838	19115	0.387
839	19117	0.533
840	19119	0.468
841	19121	0.444
842	19123	0.467
843	19125	0.43
844	19127	0.423
845	19129	0.333
846	19131	0.47
847	19133	0.517
848	19135	0.445
849	19137	0.591
850	19139	0.406
851	19141	0.475
852	19143	0.444
853	19145	0.464
854	19147	0.476
855	19149	0.422
856	19151	0.514
857	19153	0.329
858	19155	0.427
859	19157	0.456
860	19159	0.431
861	19161	0.453
862	19163	0.393
863	19165	0.457
864	19167	0.412
865	19169	0.488
866	19171	0.429
867	19173	0.456
868	19175	0.538
869	19177	0.488
870	19179	0.538
871	19181	0.334
872	19183	0.372
873	19185	0.617
874	19187	0.487
875	19189	0.512
876	19191	0.402
877	19193	0.477
878	19195	0.486
879	19197	0.505
880	20001	0.512
881	20003	0.56
882	20005	0.517
883	20007	0.477
884	20009	0.499
885	20011	0.663
886	20013	0.592
887	20015	0.422
888	20017	0.601
889	20019	0.552
890	20021	0.553
891	20023	0.585
892	20025	0.477
893	20027	0.42
894	20029	0.47
895	20031	0.472
896	20033	0.468
897	20035	0.518
898	20037	0.566
899	20039	0.555
900	20041	0.472
901	20043	0.473
902	20045	0.434
903	20047	0.377
904	20049	0.602
905	20051	0.5
906	20053	0.497
907	20055	0.345
908	20057	0.374
909	20059	0.453
910	20061	0.284
911	20063	0.505
912	20065	0.517
913	20067	0.204
914	20069	0.358
915	20071	0.465
916	20073	0.548
917	20075	0.403
918	20077	0.493
919	20079	0.504
920	20081	0.35
921	20083	0.43
922	20085	0.486
923	20087	0.392
924	20089	0.577
925	20091	0.27
926	20093	0.454
927	20095	0.333
928	20097	0.546
929	20099	0.591
930	20101	0.457
931	20103	0.381
932	20105	0.532
933	20107	0.543
934	20109	0.482
935	20111	0.53
936	20113	0.354
937	20115	0.534
938	20117	0.494
939	20119	0.388
940	20121	0.401
941	20123	0.48
942	20125	0.566
943	20127	0.518
944	20129	0.455
945	20131	0.449
946	20133	0.562
947	20135	0.49
948	20137	0.54
949	20139	0.488
950	20141	0.489
951	20143	0.391
952	20145	0.403
953	20147	0.514
954	20149	0.406
955	20151	0.504
956	20153	0.366
957	20155	0.46
958	20157	0.501
959	20159	0.518
960	20161	0.45
961	20163	0.495
962	20165	0.488
963	20167	0.57
964	20169	0.44
965	20171	0.287
966	20173	0.415
967	20175	0.369
968	20177	0.411
969	20179	0.458
970	20181	0.559
971	20183	0.578
972	20185	0.47
973	20187	0.46
974	20189	0.514
975	20191	0.487
976	20193	0.561
977	20195	0.355
978	20197	0.351
979	20199	0.581
980	20201	0.536
981	20203	0.261
982	20205	0.615
983	20207	0.582
984	20209	0.476
985	21001	0.683
986	21003	0.638
987	21005	0.403
988	21007	0.5
989	21009	0.637
990	21011	0.649
991	21013	0.721
992	21015	0.322
993	21017	0.526
994	21019	0.623
995	21021	0.489
996	21023	0.557
997	21025	0.756
998	21027	0.539
999	21029	0.416
1000	21031	0.627
1001	21033	0.533
1002	21035	0.601
1003	21037	0.416
1004	21039	0.58
1005	21041	0.463
1006	21043	0.569
1007	21045	0.735
1008	21047	0.515
1009	21049	0.48
1010	21051	0.78
1011	21053	0.665
1012	21055	0.593
1013	21057	0.639
1014	21059	0.492
1015	21061	0.713
1016	21063	0.76
1017	21065	0.691
1018	21067	0.428
1019	21069	0.643
1020	21071	0.648
1021	21073	0.377
1022	21075	0.705
1023	21077	0.421
1024	21079	0.517
1025	21081	0.462
1026	21083	0.607
1027	21085	0.593
1028	21087	0.755
1029	21089	0.548
1030	21091	0.403
1031	21093	0.439
1032	21095	0.765
1033	21097	0.537
1034	21099	0.668
1035	21101	0.595
1036	21103	0.52
1037	21105	0.578
1038	21107	0.545
1039	21109	0.669
1040	21111	0.426
1041	21113	0.441
1042	21115	0.668
1043	21117	0.367
1044	21119	0.662
1045	21121	0.74
1046	21123	0.571
1047	21125	0.586
1048	21127	0.715
1049	21129	0.739
1050	21131	0.789
1051	21133	0.763
1052	21135	0.728
1053	21137	0.677
1054	21139	0.676
1055	21141	0.585
1056	21143	0.427
1057	21145	0.523
1058	21147	0.87
1059	21149	0.537
1060	21151	0.527
1061	21153	0.746
1062	21155	0.604
1063	21157	0.583
1064	21159	0.69
1065	21161	0.581
1066	21163	0.492
1067	21165	0.509
1068	21167	0.567
1069	21169	0.683
1070	21171	0.697
1071	21173	0.537
1072	21175	0.714
1073	21177	0.642
1074	21179	0.49
1075	21181	0.599
1076	21183	0.641
1077	21185	0.329
1078	21187	0.579
1079	21189	0.923
1080	21191	0.504
1081	21193	0.603
1082	21195	0.644
1083	21197	0.759
1084	21199	0.647
1085	21201	0.788
1086	21203	0.749
1087	21205	0.557
1088	21207	0.666
1089	21209	0.372
1090	21211	0.472
1091	21213	0.526
1092	21215	0.437
1093	21217	0.633
1094	21219	0.61
1095	21221	0.529
1096	21223	0.409
1097	21225	0.604
1098	21227	0.478
1099	21229	0.58
1100	21231	0.657
1101	21233	0.615
1102	21235	0.718
1103	21237	0.772
1104	21239	0.358
1105	22001	0.564
1106	22003	0.646
1107	22005	0.361
1108	22007	0.512
1109	22009	0.638
1110	22011	0.545
1111	22013	0.618
1112	22015	0.403
1113	22017	0.489
1114	22019	0.51
1115	22021	0.679
1116	22023	0.443
1117	22025	0.679
1118	22027	0.576
1119	22029	0.659
1120	22031	0.59
1121	22033	0.426
1122	22035	0.727
1123	22037	0.59
1124	22039	0.686
1125	22041	0.705
1126	22043	0.57
1127	22045	0.487
1128	22047	0.563
1129	22049	0.585
1130	22051	0.568
1131	22053	0.642
1132	22055	0.421
1133	22057	0.498
1134	22059	0.605
1135	22061	0.611
1136	22063	0.427
1137	22065	0.703
1138	22067	0.683
1139	22069	0.619
1140	22071	0.584
1141	22073	0.538
1142	22075	0.619
1143	22077	0.55
1144	22079	0.524
1145	22081	0.65
1146	22083	0.606
1147	22085	0.589
1148	22087	0.551
1149	22089	0.53
1150	22091	0.628
1151	22093	0.469
1152	22095	0.56
1153	22097	0.672
1154	22099	0.515
1155	22101	0.516
1156	22103	0.508
1157	22105	0.537
1158	22107	0.693
1159	22109	0.475
1160	22111	0.592
1161	22113	0.593
1162	22115	0.43
1163	22117	0.683
1164	22119	0.598
1165	22121	0.45
1166	22123	0.664
1167	22125	0.557
1168	22127	0.658
1169	24001	0.561
1170	24003	0.305
1171	24005	0.411
1172	24009	0.332
1173	24011	0.447
1174	24013	0.446
1175	24015	0.519
1176	24017	0.31
1177	24019	0.473
1178	24021	0.38
1179	24023	0.558
1180	24025	0.383
1181	24027	0.247
1182	24029	0.417
1183	24031	0.266
1184	24033	0.317
1185	24035	0.395
1186	24037	0.368
1187	24039	0.52
1188	24041	0.546
1189	24043	0.523
1190	24045	0.407
1191	24047	0.366
1192	24510	0.545
1193	26001	0.51
1194	26003	0.527
1195	26005	0.455
1196	26007	0.57
1197	26009	0.45
1198	26011	0.551
1199	26013	0.533
1200	26015	0.386
1201	26017	0.471
1202	26019	0.397
1203	26021	0.503
1204	26023	0.496
1205	26025	0.462
1206	26027	0.489
1207	26029	0.437
1208	26031	0.542
1209	26033	0.543
1210	26035	0.57
1211	26037	0.387
1212	26039	0.474
1213	26041	0.581
1214	26043	0.522
1215	26045	0.358
1216	26047	0.461
1217	26049	0.457
1218	26051	0.542
1219	26053	0.57
1220	26055	0.403
1221	26057	0.566
1222	26059	0.531
1223	26061	0.573
1224	26063	0.512
1225	26065	0.438
1226	26067	0.487
1227	26069	0.526
1228	26071	0.59
1229	26073	0.556
1230	26075	0.474
1231	26077	0.443
1232	26079	0.567
1233	26081	0.397
1234	26083	0.509
1235	26085	0.657
1236	26087	0.428
1237	26089	0.392
1238	26091	0.446
1239	26093	0.31
1240	26095	0.551
1241	26097	0.438
1242	26099	0.386
1243	26101	0.516
1244	26103	0.52
1245	26105	0.501
1246	26107	0.528
1247	26109	0.528
1248	26111	0.431
1249	26113	0.502
1250	26115	0.423
1251	26117	0.521
1252	26119	0.58
1253	26121	0.52
1254	26123	0.488
1255	26125	0.321
1256	26127	0.54
1257	26129	0.585
1258	26131	0.555
1259	26133	0.561
1260	26135	0.59
1261	26137	0.452
1262	26139	0.413
1263	26141	0.477
1264	26143	0.583
1265	26145	0.467
1266	26147	0.452
1267	26149	0.467
1268	26151	0.554
1269	26153	0.622
1270	26155	0.465
1271	26157	0.477
1272	26159	0.466
1273	26161	0.485
1274	26163	0.488
1275	26165	0.499
1276	27001	0.514
1277	27003	0.293
1278	27005	0.474
1279	27007	0.508
1280	27009	0.46
1281	27011	0.494
1282	27013	0.438
1283	27015	0.439
1284	27017	0.484
1285	27019	0.289
1286	27021	0.484
1287	27023	0.421
1288	27025	0.387
1289	27027	0.454
1290	27029	0.526
1291	27031	0.491
1292	27033	0.474
1293	27035	0.474
1294	27037	0.272
1295	27039	0.391
1296	27041	0.496
1297	27043	0.451
1298	27045	0.463
1299	27047	0.482
1300	27049	0.432
1301	27051	0.418
1302	27053	0.307
1303	27055	0.463
1304	27057	0.47
1305	27059	0.366
1306	27061	0.47
1307	27063	0.442
1308	27065	0.465
1309	27067	0.423
1310	27069	0.453
1311	27071	0.552
1312	27073	0.456
1313	27075	0.491
1314	27077	0.453
1315	27079	0.404
1316	27081	0.528
1317	27083	0.457
1318	27085	0.403
1319	27087	0.489
1320	27089	0.35
1321	27091	0.448
1322	27093	0.435
1323	27095	0.487
1324	27097	0.519
1325	27099	0.491
1326	27101	0.428
1327	27103	0.354
1328	27105	0.514
1329	27107	0.479
1330	27109	0.33
1331	27111	0.477
1332	27113	0.494
1333	27115	0.487
1334	27117	0.464
1335	27119	0.492
1336	27121	0.437
1337	27123	0.351
1338	27125	0.466
1339	27127	0.419
1340	27129	0.446
1341	27131	0.395
1342	27133	0.499
1343	27135	0.397
1344	27137	0.483
1345	27139	0.244
1346	27141	0.258
1347	27143	0.406
1348	27145	0.399
1349	27147	0.411
1350	27149	0.519
1351	27151	0.482
1352	27153	0.543
1353	27155	0.46
1354	27157	0.359
1355	27159	0.579
1356	27161	0.435
1357	27163	0.269
1358	27165	0.453
1359	27167	0.482
1360	27169	0.496
1361	27171	0.327
1362	27173	0.416
1363	28001	0.643
1364	28003	0.618
1365	28005	0.66
1366	28007	0.677
1367	28009	0.707
1368	28011	0.615
1369	28013	0.7
1370	28015	0.669
1371	28017	0.599
1372	28019	0.721
1373	28021	0.732
1374	28023	0.683
1375	28025	0.698
1376	28027	0.642
1377	28029	0.628
1378	28031	0.696
1379	28033	0.333
1380	28035	0.549
1381	28037	0.709
1382	28039	0.621
1383	28041	0.623
1384	28043	0.747
1385	28045	0.491
1386	28047	0.432
1387	28049	0.517
1388	28051	0.724
1389	28053	0.682
1390	28055	0.583
1391	28057	0.695
1392	28059	0.417
1393	28061	0.621
1394	28063	0.676
1395	28065	0.684
1396	28067	0.592
1397	28069	0.696
1398	28071	0.573
1399	28073	0.492
1400	28075	0.551
1401	28077	0.601
1402	28079	0.672
1403	28081	0.505
1404	28083	0.645
1405	28085	0.554
1406	28087	0.583
1407	28089	0.365
1408	28091	0.675
1409	28093	0.54
1410	28095	0.593
1411	28097	0.659
1412	28099	0.566
1413	28101	0.656
1414	28103	0.716
1415	28105	0.595
1416	28107	0.567
1417	28109	0.606
1418	28111	0.607
1419	28113	0.663
1420	28115	0.625
1421	28117	0.657
1422	28119	0.704
1423	28121	0.419
1424	28123	0.584
1425	28125	0.618
1426	28127	0.589
1427	28129	0.632
1428	28131	0.532
1429	28133	0.629
1430	28135	0.707
1431	28137	0.553
1432	28139	0.707
1433	28141	0.712
1434	28143	0.543
1435	28145	0.549
1436	28147	0.689
1437	28149	0.523
1438	28151	0.622
1439	28153	0.695
1440	28155	0.691
1441	28157	0.654
1442	28159	0.632
1443	28161	0.698
1444	28163	0.672
1445	29001	0.624
1446	29003	0.432
1447	29005	0.454
1448	29007	0.465
1449	29009	0.571
1450	29011	0.64
1451	29013	0.563
1452	29015	0.637
1453	29017	0.648
1454	29019	0.48
1455	29021	0.49
1456	29023	0.603
1457	29025	0.535
1458	29027	0.462
1459	29029	0.464
1460	29031	0.502
1461	29033	0.569
1462	29035	0.665
1463	29037	0.372
1464	29039	0.667
1465	29041	0.594
1466	29043	0.414
1467	29045	0.543
1468	29047	0.314
1469	29049	0.403
1470	29051	0.397
1471	29053	0.501
1472	29055	0.628
1473	29057	0.652
1474	29059	0.538
1475	29061	0.503
1476	29063	0.586
1477	29065	0.64
1478	29067	0.692
1479	29069	0.642
1480	29071	0.48
1481	29073	0.538
1482	29075	0.572
1483	29077	0.48
1484	29079	0.577
1485	29081	0.531
1486	29083	0.489
1487	29085	0.639
1488	29087	0.558
1489	29089	0.558
1490	29091	0.678
1491	29093	0.581
1492	29095	0.417
1493	29097	0.53
1494	29099	0.378
1495	29101	0.486
1496	29103	0.678
1497	29105	0.556
1498	29107	0.441
1499	29109	0.531
1500	29111	0.553
1501	29113	0.408
1502	29115	0.61
1503	29117	0.489
1504	29119	0.64
1505	29121	0.548
1506	29123	0.635
1507	29125	0.602
1508	29127	0.465
1509	29129	0.633
1510	29131	0.571
1511	29133	0.647
1512	29135	0.529
1513	29137	0.547
1514	29139	0.569
1515	29141	0.584
1516	29143	0.625
1517	29145	0.507
1518	29147	0.598
1519	29149	0.625
1520	29151	0.496
1521	29153	0.736
1522	29155	0.626
1523	29157	0.531
1524	29159	0.541
1525	29161	0.544
1526	29163	0.576
1527	29165	0.285
1528	29167	0.54
1529	29169	0.378
1530	29171	0.616
1531	29173	0.417
1532	29175	0.563
1533	29177	0.464
1534	29179	0.63
1535	29181	0.637
1536	29183	0.278
1537	29185	0.646
1538	29186	0.523
1539	29187	0.549
1540	29189	0.353
1541	29195	0.568
1542	29197	0.687
1543	29199	0.619
1544	29201	0.593
1545	29203	0.663
1546	29205	0.603
1547	29207	0.586
1548	29209	0.578
1549	29211	0.625
1550	29213	0.531
1551	29215	0.682
1552	29217	0.544
1553	29219	0.398
1554	29221	0.628
1555	29223	0.619
1556	29225	0.546
1557	29227	0.554
1558	29229	0.683
1559	29510	0.475
1560	30001	0.471
1561	30003	0.527
1562	30005	0.523
1563	30007	0.357
1564	30009	0.47
1565	30011	0.547
1566	30013	0.458
1567	30015	0.491
1568	30017	0.515
1569	30019	0.338
1570	30021	0.469
1571	30023	0.541
1572	30025	0.432
1573	30027	0.478
1574	30029	0.471
1575	30031	0.381
1576	30033	0.542
1577	30035	0.578
1578	30037	0.518
1579	30039	0.422
1580	30041	0.514
1581	30043	0.356
1582	30045	0.429
1583	30047	0.578
1584	30049	0.343
1585	30051	0.619
1586	30053	0.514
1587	30055	0.379
1588	30057	0.384
1589	30059	0.508
1590	30061	0.596
1591	30063	0.447
1592	30065	0.59
1593	30067	0.424
1594	30069	0.448
1595	30071	0.529
1596	30073	0.528
1597	30075	0.481
1598	30077	0.475
1599	30079	0.443
1600	30081	0.556
1601	30083	0.414
1602	30085	0.514
1603	30087	0.503
1604	30089	0.548
1605	30091	0.529
1606	30093	0.523
1607	30095	0.463
1608	30097	0.588
1609	30099	0.504
1610	30101	0.457
1611	30103	0.422
1612	30105	0.506
1613	30107	0.555
1614	30109	0.707
1615	30111	0.409
1616	31001	0.46
1617	31003	0.545
1618	31005	0.75
1619	31007	0.5
1620	31009	0.2
1621	31011	0.545
1622	31013	0.444
1623	31015	0.536
1624	31017	0.582
1625	31019	0.44
1626	31021	0.612
1627	31023	0.407
1628	31025	0.321
1629	31027	0.563
1630	31029	0.511
1631	31031	0.463
1632	31033	0.373
1633	31035	0.38
1634	31037	0.475
1635	31039	0.495
1636	31041	0.474
1637	31043	0.516
1638	31045	0.54
1639	31047	0.454
1640	31049	0.415
1641	31051	0.455
1642	31053	0.502
1643	31055	0.379
1644	31057	0.587
1645	31059	0.398
1646	31061	0.436
1647	31063	0.442
1648	31065	0.559
1649	31067	0.494
1650	31069	0.516
1651	31071	0.496
1652	31073	0.511
1653	31075	0.386
1654	31077	0.57
1655	31079	0.422
1656	31081	0.335
1657	31083	0.446
1658	31085	0.592
1659	31087	0.542
1660	31089	0.567
1661	31091	0.577
1662	31093	0.455
1663	31095	0.534
1664	31097	0.568
1665	31099	0.507
1666	31101	0.486
1667	31103	0.434
1668	31105	0.469
1669	31107	0.511
1670	31109	0.4
1671	31111	0.471
1672	31113	0.487
1673	31115	0.29
1674	31117	0.278
1675	31119	0.501
1676	31121	0.486
1677	31123	0.438
1678	31125	0.533
1679	31127	0.43
1680	31129	0.539
1681	31131	0.416
1682	31133	0.557
1683	31135	0.399
1684	31137	0.401
1685	31139	0.388
1686	31141	0.398
1687	31143	0.389
1688	31145	0.475
1689	31147	0.484
1690	31149	0.526
1691	31151	0.443
1692	31153	0.261
1693	31155	0.41
1694	31157	0.467
1695	31159	0.417
1696	31161	0.442
1697	31163	0.427
1698	31165	0.558
1699	31167	0.44
1700	31169	0.465
1701	31171	0.362
1702	31173	0.542
1703	31175	0.627
1704	31177	0.39
1705	31179	0.488
1706	31181	0.528
1707	31183	0.411
1708	31185	0.43
1709	32001	0.382
1710	32003	0.491
1711	32005	0.46
1712	32007	0.31
1713	32009	0.622
1714	32011	0.499
1715	32013	0.347
1716	32015	0.223
1717	32017	0.514
1718	32019	0.374
1719	32021	0.723
1720	32023	0.457
1721	32027	0.368
1722	32029	0.349
1723	32031	0.394
1724	32033	0.391
1725	32510	0.409
1726	34001	0.544
1727	34003	0.419
1728	34005	0.396
1729	34007	0.509
1730	34009	0.515
1731	34011	0.576
1732	34013	0.535
1733	34015	0.453
1734	34017	0.411
1735	34019	0.349
1736	34021	0.445
1737	34023	0.417
1738	34025	0.423
1739	34027	0.333
1740	34029	0.523
1741	34031	0.519
1742	34033	0.523
1743	34035	0.331
1744	34037	0.393
1745	34039	0.464
1746	34041	0.438
1747	35001	0.399
1748	35003	0.558
1749	35005	0.555
1750	35006	0.535
1751	35007	0.595
1752	35009	0.535
1753	35011	0.606
1754	35013	0.512
1755	35015	0.465
1756	35017	0.505
1757	35019	0.717
1758	35021	0.65
1759	35023	0.573
1760	35025	0.389
1761	35027	0.467
1762	35028	0.236
1763	35029	0.653
1764	35031	0.666
1765	35033	0.74
1766	35035	0.482
1767	35037	0.666
1768	35039	0.554
1769	35041	0.552
1770	35043	0.368
1771	35045	0.453
1772	35047	0.643
1773	35049	0.471
1774	35051	0.656
1775	35053	0.571
1776	35055	0.675
1777	35057	0.682
1778	35059	0.62
1779	35061	0.51
1780	36001	0.457
1781	36003	0.508
1782	36005	0.633
1783	36007	0.465
1784	36009	0.49
1785	36011	0.45
1786	36013	0.498
1787	36015	0.463
1788	36017	0.473
1789	36019	0.444
1790	36021	0.333
1791	36023	0.443
1792	36025	0.51
1793	36027	0.452
1794	36029	0.426
1795	36031	0.424
1796	36033	0.485
1797	36035	0.425
1798	36037	0.419
1799	36039	0.419
1800	36041	0.387
1801	36043	0.493
1802	36045	0.553
1803	36047	0.501
1804	36049	0.498
1805	36051	0.425
1806	36053	0.406
1807	36055	0.384
1808	36057	0.493
1809	36059	0.401
1810	36061	0.337
1811	36063	0.464
1812	36065	0.437
1813	36067	0.406
1814	36069	0.363
1815	36071	0.474
1816	36073	0.459
1817	36075	0.449
1818	36077	0.465
1819	36079	0.447
1820	36081	0.46
1821	36083	0.465
1822	36085	0.478
1823	36087	0.406
1824	36089	0.459
1825	36091	0.432
1826	36093	0.51
1827	36095	0.583
1828	36097	0.393
1829	36099	0.472
1830	36101	0.439
1831	36103	0.406
1832	36105	0.538
1833	36107	0.487
1834	36109	0.546
1835	36111	0.522
1836	36113	0.522
1837	36115	0.623
1838	36117	0.402
1839	36119	0.412
1840	36121	0.447
1841	36123	0.449
1842	37001	0.527
1843	37003	0.555
1844	37005	0.64
1845	37007	0.564
1846	37009	0.625
1847	37011	0.545
1848	37013	0.556
1849	37015	0.675
1850	37017	0.676
1851	37019	0.46
1852	37021	0.426
1853	37023	0.574
1854	37025	0.394
1855	37027	0.616
1856	37029	0.37
1857	37031	0.415
1858	37033	0.661
1859	37035	0.462
1860	37037	0.403
1861	37039	0.615
1862	37041	0.621
1863	37043	0.603
1864	37045	0.592
1865	37047	0.626
1866	37049	0.447
1867	37051	0.389
1868	37053	0.486
1869	37055	0.295
1870	37057	0.479
1871	37059	0.544
1872	37061	0.606
1873	37063	0.351
1874	37065	0.551
1875	37067	0.424
1876	37069	0.484
1877	37071	0.52
1878	37073	0.429
1879	37075	0.508
1880	37077	0.408
1881	37079	0.607
1882	37081	0.432
1883	37083	0.653
1884	37085	0.483
1885	37087	0.481
1886	37089	0.46
1887	37091	0.658
1888	37093	0.502
1889	37095	0.226
1890	37097	0.445
1891	37099	0.546
1892	37101	0.451
1893	37103	0.566
1894	37105	0.475
1895	37107	0.6
1896	37109	0.446
1897	37111	0.631
1898	37113	0.572
1899	37115	0.627
1900	37117	0.527
1901	37119	0.306
1902	37121	0.606
1903	37123	0.667
1904	37125	0.449
1905	37127	0.525
1906	37129	0.403
1907	37131	0.569
1908	37133	0.393
1909	37135	0.398
1910	37137	0.517
1911	37139	0.505
1912	37141	0.515
1913	37143	0.497
1914	37145	0.52
1915	37147	0.515
1916	37149	0.447
1917	37151	0.502
1918	37153	0.606
1919	37155	0.655
1920	37157	0.563
1921	37159	0.522
1922	37161	0.614
1923	37163	0.57
1924	37165	0.574
1925	37167	0.599
1926	37169	0.583
1927	37171	0.587
1928	37173	0.595
1929	37175	0.446
1930	37177	0.574
1931	37179	0.357
1932	37181	0.618
1933	37183	0.271
1934	37185	0.649
1935	37187	0.612
1936	37189	0.628
1937	37191	0.483
1938	37193	0.689
1939	37195	0.511
1940	37197	0.577
1941	37199	0.632
1942	38001	0.342
1943	38003	0.4
1944	38005	0.49
1945	38007	0.376
1946	38009	0.474
1947	38011	0.4
1948	38013	0.475
1949	38015	0.32
1950	38017	0.36
1951	38019	0.361
1952	38021	0.424
1953	38023	0.427
1954	38025	0.394
1955	38027	0.377
1956	38029	0.567
1957	38031	0.472
1958	38033	0.527
1959	38035	0.464
1960	38037	0.532
1961	38039	0.426
1962	38041	0.418
1963	38043	0.492
1964	38045	0.493
1965	38047	0.417
1966	38049	0.395
1967	38051	0.527
1968	38053	0.326
1969	38055	0.414
1970	38057	0.472
1971	38059	0.344
1972	38061	0.462
1973	38063	0.479
1974	38065	0.44
1975	38067	0.399
1976	38069	0.535
1977	38071	0.431
1978	38073	0.444
1979	38075	0.358
1980	38077	0.415
1981	38079	0.654
1982	38081	0.347
1983	38083	0.478
1984	38085	0.39
1985	38087	0.479
1986	38089	0.317
1987	38091	0.357
1988	38093	0.384
1989	38095	0.468
1990	38097	0.431
1991	38099	0.418
1992	38101	0.494
1993	38103	0.573
1994	38105	0.363
1995	39001	0.657
1996	39003	0.531
1997	39005	0.446
1998	39007	0.564
1999	39009	0.648
2000	39011	0.405
2001	39013	0.548
2002	39015	0.462
2003	39017	0.395
2004	39019	0.475
2005	39021	0.437
2006	39023	0.516
2007	39025	0.404
2008	39027	0.5
2009	39029	0.507
2010	39031	0.548
2011	39033	0.512
2012	39035	0.457
2013	39037	0.475
2014	39039	0.439
2015	39041	0.282
2016	39043	0.432
2017	39045	0.426
2018	39047	0.44
2019	39049	0.352
2020	39051	0.447
2021	39053	0.604
2022	39055	0.36
2023	39057	0.381
2024	39059	0.546
2025	39061	0.431
2026	39063	0.456
2027	39065	0.505
2028	39067	0.533
2029	39069	0.458
2030	39071	0.519
2031	39073	0.584
2032	39075	0.538
2033	39077	0.45
2034	39079	0.597
2035	39081	0.557
2036	39083	0.458
2037	39085	0.372
2038	39087	0.538
2039	39089	0.441
2040	39091	0.408
2041	39093	0.407
2042	39095	0.482
2043	39097	0.383
2044	39099	0.518
2045	39101	0.514
2046	39103	0.339
2047	39105	0.585
2048	39107	0.494
2049	39109	0.42
2050	39111	0.497
2051	39113	0.449
2052	39115	0.59
2053	39117	0.453
2054	39119	0.56
2055	39121	0.662
2056	39123	0.428
2057	39125	0.544
2058	39127	0.535
2059	39129	0.402
2060	39131	0.536
2061	39133	0.431
2062	39135	0.475
2063	39137	0.418
2064	39139	0.484
2065	39141	0.486
2066	39143	0.485
2067	39145	0.614
2068	39147	0.47
2069	39149	0.436
2070	39151	0.482
2071	39153	0.424
2072	39155	0.483
2073	39157	0.523
2074	39159	0.401
2075	39161	0.476
2076	39163	0.577
2077	39165	0.307
2078	39167	0.544
2079	39169	0.472
2080	39171	0.499
2081	39173	0.428
2082	39175	0.517
2083	40001	0.715
2084	40003	0.447
2085	40005	0.664
2086	40007	0.472
2087	40009	0.446
2088	40011	0.515
2089	40013	0.575
2090	40015	0.566
2091	40017	0.308
2092	40019	0.536
2093	40021	0.609
2094	40023	0.667
2095	40025	0.417
2096	40027	0.38
2097	40029	0.648
2098	40031	0.426
2099	40033	0.643
2100	40035	0.543
2101	40037	0.525
2102	40039	0.455
2103	40041	0.571
2104	40043	0.46
2105	40045	0.53
2106	40047	0.428
2107	40049	0.564
2108	40051	0.512
2109	40053	0.34
2110	40055	0.549
2111	40057	0.587
2112	40059	0.495
2113	40061	0.623
2114	40063	0.628
2115	40065	0.459
2116	40067	0.66
2117	40069	0.562
2118	40071	0.492
2119	40073	0.404
2120	40075	0.563
2121	40077	0.615
2122	40079	0.634
2123	40081	0.57
2124	40083	0.464
2125	40085	0.503
2126	40087	0.475
2127	40089	0.634
2128	40091	0.599
2129	40093	0.446
2130	40095	0.552
2131	40097	0.568
2132	40099	0.402
2133	40101	0.525
2134	40103	0.562
2135	40105	0.623
2136	40107	0.62
2137	40109	0.41
2138	40111	0.573
2139	40113	0.549
2140	40115	0.607
2141	40117	0.567
2142	40119	0.572
2143	40121	0.511
2144	40123	0.526
2145	40125	0.54
2146	40127	0.619
2147	40129	0.481
2148	40131	0.436
2149	40133	0.623
2150	40135	0.608
2151	40137	0.55
2152	40139	0.394
2153	40141	0.591
2154	40143	0.408
2155	40145	0.411
2156	40147	0.433
2157	40149	0.491
2158	40151	0.498
2159	40153	0.439
2160	41001	0.556
2161	41003	0.517
2162	41005	0.455
2163	41007	0.385
2164	41009	0.611
2165	41011	0.538
2166	41013	0.52
2167	41015	0.513
2168	41017	0.422
2169	41019	0.506
2170	41021	0.382
2171	41023	0.634
2172	41025	0.547
2173	41027	0.327
2174	41029	0.456
2175	41031	0.361
2176	41033	0.558
2177	41035	0.516
2178	41037	0.589
2179	41039	0.48
2180	41041	0.46
2181	41043	0.468
2182	41045	0.657
2183	41047	0.416
2184	41049	0.367
2185	41051	0.482
2186	41053	0.474
2187	41055	0.5
2188	41057	0.472
2189	41059	0.504
2190	41061	0.565
2191	41063	0.528
2192	41065	0.415
2193	41067	0.424
2194	41069	0.531
2195	41071	0.512
2196	42001	0.398
2197	42003	0.409
2198	42005	0.492
2199	42007	0.469
2200	42009	0.546
2201	42011	0.405
2202	42013	0.53
2203	42015	0.482
2204	42017	0.445
2205	42019	0.41
2206	42021	0.561
2207	42023	0.536
2208	42025	0.573
2209	42027	0.6
2210	42029	0.376
2211	42031	0.547
2212	42033	0.583
2213	42035	0.55
2214	42037	0.54
2215	42039	0.514
2216	42041	0.338
2217	42043	0.349
2218	42045	0.485
2219	42047	0.449
2220	42049	0.48
2221	42051	0.556
2222	42053	0.606
2223	42055	0.377
2224	42057	0.433
2225	42059	0.469
2226	42061	0.53
2227	42063	0.555
2228	42065	0.556
2229	42067	0.486
2230	42069	0.475
2231	42071	0.398
2232	42073	0.544
2233	42075	0.395
2234	42077	0.534
2235	42079	0.498
2236	42081	0.492
2237	42083	0.5
2238	42085	0.51
2239	42087	0.52
2240	42089	0.388
2241	42091	0.423
2242	42093	0.45
2243	42095	0.53
2244	42097	0.508
2245	42099	0.369
2246	42101	0.593
2247	42103	0.515
2248	42105	0.551
2249	42107	0.522
2250	42109	0.48
2251	42111	0.54
2252	42113	0.488
2253	42115	0.465
2254	42117	0.523
2255	42119	0.423
2256	42121	0.506
2257	42123	0.504
2258	42125	0.43
2259	42127	0.502
2260	42129	0.475
2261	42131	0.481
2262	42133	0.392
2263	45001	0.648
2264	45003	0.471
2265	45005	0.732
2266	45007	0.566
2267	45009	0.591
2268	45011	0.607
2269	45013	0.332
2270	45015	0.369
2271	45017	0.528
2272	45019	0.375
2273	45021	0.591
2274	45023	0.651
2275	45025	0.693
2276	45027	0.612
2277	45029	0.595
2278	45031	0.621
2279	45033	0.72
2280	45035	0.401
2281	45037	0.523
2282	45039	0.559
2283	45041	0.494
2284	45043	0.582
2285	45045	0.437
2286	45047	0.585
2287	45049	0.624
2288	45051	0.449
2289	45053	0.494
2290	45055	0.537
2291	45057	0.482
2292	45059	0.554
2293	45061	0.607
2294	45063	0.376
2295	45065	0.572
2296	45067	0.735
2297	45069	0.674
2298	45071	0.506
2299	45073	0.54
2300	45075	0.599
2301	45077	0.571
2302	45079	0.39
2303	45081	0.567
2304	45083	0.515
2305	45085	0.513
2306	45087	0.671
2307	45089	0.73
2308	45091	0.442
2309	46003	0.449
2310	46005	0.411
2311	46007	0.493
2312	46009	0.548
2313	46011	0.486
2314	46013	0.43
2315	46015	0.421
2316	46017	0.409
2317	46019	0.505
2318	46021	0.475
2319	46023	0.564
2320	46025	0.412
2321	46027	0.561
2322	46029	0.447
2323	46031	0.645
2324	46033	0.447
2325	46035	0.426
2326	46037	0.561
2327	46039	0.346
2328	46041	0.534
2329	46043	0.403
2330	46045	0.408
2331	46047	0.519
2332	46049	0.42
2333	46051	0.508
2334	46053	0.569
2335	46055	0.549
2336	46057	0.388
2337	46059	0.484
2338	46061	0.372
2339	46063	0.375
2340	46065	0.34
2341	46067	0.545
2342	46069	0.278
2343	46071	0.389
2344	46073	0.463
2345	46075	0.574
2346	46077	0.443
2347	46079	0.545
2348	46081	0.511
2349	46083	0.286
2350	46085	0.464
2351	46087	0.384
2352	46089	0.479
2353	46091	0.471
2354	46093	0.415
2355	46095	0.508
2356	46097	0.442
2357	46099	0.355
2358	46101	0.409
2359	46103	0.384
2360	46105	0.597
2361	46107	0.494
2362	46109	0.439
2363	46111	0.439
2364	46113	0.576
2365	46115	0.415
2366	46117	0.357
2367	46119	0.342
2368	46121	0.531
2369	46123	0.513
2370	46125	0.469
2371	46127	0.362
2372	46129	0.543
2373	46135	0.545
2374	46137	0.505
2375	47001	0.49
2376	47003	0.547
2377	47005	0.603
2378	47007	0.6
2379	47009	0.492
2380	47011	0.519
2381	47013	0.663
2382	47015	0.587
2383	47017	0.63
2384	47019	0.633
2385	47021	0.359
2386	47023	0.589
2387	47025	0.666
2388	47027	0.681
2389	47029	0.69
2390	47031	0.574
2391	47033	0.592
2392	47035	0.569
2393	47037	0.35
2394	47039	0.615
2395	47041	0.547
2396	47043	0.568
2397	47045	0.554
2398	47047	0.477
2399	47049	0.65
2400	47051	0.544
2401	47053	0.591
2402	47055	0.582
2403	47057	0.618
2404	47059	0.595
2405	47061	0.718
2406	47063	0.578
2407	47065	0.449
2408	47067	0.701
2409	47069	0.704
2410	47071	0.63
2411	47073	0.582
2412	47075	0.634
2413	47077	0.607
2414	47079	0.557
2415	47081	0.657
2416	47083	0.644
2417	47085	0.558
2418	47087	0.661
2419	47089	0.54
2420	47091	0.687
2421	47093	0.429
2422	47095	0.63
2423	47097	0.613
2424	47099	0.621
2425	47101	0.609
2426	47103	0.537
2427	47105	0.455
2428	47107	0.607
2429	47109	0.694
2430	47111	0.651
2431	47113	0.509
2432	47115	0.626
2433	47117	0.543
2434	47119	0.497
2435	47121	0.558
2436	47123	0.654
2437	47125	0.377
2438	47127	0.447
2439	47129	0.564
2440	47131	0.514
2441	47133	0.631
2442	47135	0.738
2443	47137	0.591
2444	47139	0.677
2445	47141	0.589
2446	47143	0.601
2447	47145	0.503
2448	47147	0.379
2449	47149	0.359
2450	47151	0.736
2451	47153	0.651
2452	47155	0.542
2453	47157	0.423
2454	47159	0.575
2455	47161	0.514
2456	47163	0.55
2457	47165	0.401
2458	47167	0.525
2459	47169	0.565
2460	47171	0.684
2461	47173	0.604
2462	47175	0.637
2463	47177	0.625
2464	47179	0.5
2465	47181	0.683
2466	47183	0.636
2467	47185	0.648
2468	47187	0.275
2469	47189	0.381
2470	48001	0.521
2471	48003	0.42
2472	48005	0.547
2473	48007	0.53
2474	48009	0.485
2475	48011	0.409
2476	48013	0.495
2477	48015	0.514
2478	48017	0.642
2479	48019	0.506
2480	48021	0.558
2481	48023	0.608
2482	48025	0.474
2483	48027	0.412
2484	48029	0.396
2485	48031	0.417
2486	48033	0.346
2487	48035	0.556
2488	48037	0.515
2489	48039	0.337
2490	48041	0.546
2491	48043	0.525
2492	48045	0.474
2493	48047	0.854
2494	48049	0.565
2495	48051	0.494
2496	48053	0.434
2497	48055	0.591
2498	48057	0.454
2499	48059	0.547
2500	48061	0.611
2501	48063	0.609
2502	48065	0.42
2503	48067	0.624
2504	48069	0.54
2505	48071	0.429
2506	48073	0.563
2507	48075	0.444
2508	48077	0.472
2509	48079	0.593
2510	48081	0.696
2511	48083	0.64
2512	48085	0.235
2513	48087	0.446
2514	48089	0.549
2515	48091	0.345
2516	48093	0.513
2517	48095	0.542
2518	48097	0.428
2519	48099	0.431
2520	48101	0.71
2521	48103	0.417
2522	48105	0.544
2523	48107	0.496
2524	48109	0.627
2525	48111	0.44
2526	48113	0.338
2527	48115	0.55
2528	48117	0.547
2529	48119	0.588
2530	48121	0.289
2531	48123	0.532
2532	48125	0.582
2533	48127	0.554
2534	48129	0.599
2535	48131	0.645
2536	48133	0.565
2537	48135	0.547
2538	48137	0.537
2539	48139	0.386
2540	48141	0.498
2541	48143	0.546
2542	48145	0.592
2543	48147	0.545
2544	48149	0.598
2545	48151	0.404
2546	48153	0.555
2547	48155	0.617
2548	48157	0.27
2549	48159	0.613
2550	48161	0.551
2551	48163	0.584
2552	48165	0.429
2553	48167	0.373
2554	48169	0.541
2555	48171	0.442
2556	48173	0.444
2557	48175	0.541
2558	48177	0.61
2559	48179	0.53
2560	48181	0.468
2561	48183	0.478
2562	48185	0.518
2563	48187	0.364
2564	48189	0.515
2565	48191	0.702
2566	48193	0.573
2567	48195	0.42
2568	48197	0.568
2569	48199	0.52
2570	48201	0.341
2571	48203	0.524
2572	48205	0.39
2573	48207	0.63
2574	48209	0.583
2575	48211	0.435
2576	48213	0.521
2577	48215	0.581
2578	48217	0.535
2579	48219	0.539
2580	48221	0.359
2581	48223	0.454
2582	48225	0.677
2583	48227	0.463
2584	48229	0.754
2585	48231	0.534
2586	48233	0.483
2587	48235	0.54
2588	48237	0.452
2589	48239	0.476
2590	48241	0.625
2591	48243	0.413
2592	48245	0.481
2593	48247	0.585
2594	48249	0.561
2595	48251	0.378
2596	48253	0.581
2597	48255	0.524
2598	48257	0.411
2599	48259	0.404
2600	48261	0.714
2601	48263	0.48
2602	48265	0.454
2603	48267	0.561
2604	48269	0.311
2605	48271	0.596
2606	48273	0.518
2607	48275	0.548
2608	48277	0.559
2609	48279	0.577
2610	48281	0.428
2611	48283	0.702
2612	48285	0.579
2613	48287	0.505
2614	48289	0.547
2615	48291	0.54
2616	48293	0.516
2617	48295	0.331
2618	48297	0.435
2619	48299	0.538
2620	48301	0.611
2621	48303	0.467
2622	48305	0.522
2623	48307	0.413
2624	48309	0.527
2625	48311	0.296
2626	48313	0.481
2627	48315	0.647
2628	48317	0.398
2629	48319	0.535
2630	48321	0.511
2631	48323	0.665
2632	48325	0.473
2633	48327	0.657
2634	48329	0.329
2635	48331	0.62
2636	48333	0.643
2637	48335	0.492
2638	48337	0.52
2639	48339	0.349
2640	48341	0.371
2641	48343	0.655
2642	48345	0.537
2643	48347	0.57
2644	48349	0.488
2645	48351	0.617
2646	48353	0.549
2647	48355	0.414
2648	48357	0.503
2649	48359	0.707
2650	48361	0.498
2651	48363	0.527
2652	48365	0.535
2653	48367	0.368
2654	48369	0.318
2655	48371	0.437
2656	48373	0.521
2657	48375	0.506
2658	48377	0.73
2659	48379	0.553
2660	48381	0.394
2661	48383	0.488
2662	48385	0.465
2663	48387	0.729
2664	48389	0.52
2665	48391	0.495
2666	48393	0.4
2667	48395	0.552
2668	48397	0.301
2669	48399	0.615
2670	48401	0.542
2671	48403	0.563
2672	48405	0.707
2673	48407	0.471
2674	48409	0.426
2675	48411	0.532
2676	48413	0.745
2677	48415	0.444
2678	48417	0.548
2679	48419	0.579
2680	48421	0.439
2681	48423	0.477
2682	48425	0.573
2683	48427	0.78
2684	48429	0.504
2685	48431	0.831
2686	48433	0.547
2687	48435	0.47
2688	48437	0.715
2689	48439	0.35
2690	48441	0.46
2691	48443	0.528
2692	48445	0.516
2693	48447	0.585
2694	48449	0.505
2695	48451	0.485
2696	48453	0.41
2697	48455	0.615
2698	48457	0.554
2699	48459	0.514
2700	48461	0.429
2701	48463	0.547
2702	48465	0.553
2703	48467	0.56
2704	48469	0.409
2705	48471	0.519
2706	48473	0.449
2707	48475	0.557
2708	48477	0.435
2709	48479	0.555
2710	48481	0.58
2711	48483	0.485
2712	48485	0.478
2713	48487	0.508
2714	48489	0.76
2715	48491	0.38
2716	48493	0.425
2717	48495	0.412
2718	48497	0.377
2719	48499	0.479
2720	48501	0.485
2721	48503	0.566
2722	48505	0.523
2723	48507	0.832
2724	49001	0.612
2725	49003	0.415
2726	49005	0.458
2727	49007	0.577
2728	49009	0.544
2729	49011	0.324
2730	49013	0.481
2731	49015	0.441
2732	49017	0.432
2733	49019	0.398
2734	49021	0.519
2735	49023	0.464
2736	49025	0.391
2737	49027	0.465
2738	49029	0.275
2739	49031	0.745
2740	49033	0.691
2741	49035	0.339
2742	49037	0.639
2743	49039	0.565
2744	49041	0.652
2745	49043	0.194
2746	49045	0.339
2747	49047	0.404
2748	49049	0.402
2749	49051	0.478
2750	49053	0.479
2751	49055	0.555
2752	49057	0.396
2753	51001	0.582
2754	51003	0.446
2755	51005	0.532
2756	51007	0.598
2757	51009	0.509
2758	51011	0.573
2759	51013	0.16
2760	51015	0.423
2761	51017	0.37
2762	51019	0.452
2763	51021	0.562
2764	51023	0.407
2765	51025	0.572
2766	51027	0.712
2767	51029	0.489
2768	51031	0.472
2769	51033	0.505
2770	51035	0.612
2771	51036	0.568
2772	51037	0.675
2773	51041	0.407
2774	51043	0.489
2775	51045	0.492
2776	51047	0.303
2777	51049	0.679
2778	51051	0.739
2779	51053	0.491
2780	51057	0.485
2781	51059	0.198
2782	51061	0.315
2783	51063	0.491
2784	51065	0.487
2785	51067	0.552
2786	51069	0.315
2787	51071	0.581
2788	51073	0.556
2789	51075	0.507
2790	51077	0.689
2791	51079	0.374
2792	51081	0.708
2793	51083	0.654
2794	51085	0.458
2795	51087	0.416
2796	51089	0.599
2797	51091	0.467
2798	51093	0.531
2799	51095	0.363
2800	51097	0.387
2801	51099	0.191
2802	51101	0.385
2803	51103	0.463
2804	51105	0.696
2805	51107	0.184
2806	51109	0.433
2807	51111	0.532
2808	51113	0.387
2809	51115	0.47
2810	51117	0.621
2811	51119	0.452
2812	51121	0.53
2813	51125	0.637
2814	51127	0.382
2815	51131	0.581
2816	51133	0.426
2817	51135	0.561
2818	51137	0.4
2819	51139	0.508
2820	51141	0.513
2821	51143	0.518
2822	51145	0.548
2823	51147	0.49
2824	51149	0.422
2825	51153	0.225
2826	51155	0.48
2827	51157	0.465
2828	51159	0.519
2829	51161	0.341
2830	51163	0.487
2831	51165	0.391
2832	51167	0.671
2833	51169	0.639
2834	51171	0.461
2835	51173	0.614
2836	51175	0.473
2837	51177	0.378
2838	51179	0.304
2839	51181	0.519
2840	51183	0.693
2841	51185	0.673
2842	51187	0.394
2843	51191	0.52
2844	51193	0.433
2845	51195	0.612
2846	51197	0.634
2847	51199	0.364
2848	51510	0.186
2849	51520	0.568
2850	51530	0.703
2851	51540	0.524
2852	51550	0.431
2853	51570	0.526
2854	51580	0.481
2855	51590	0.568
2856	51595	0.606
2857	51600	0.298
2858	51610	0.192
2859	51620	0.565
2860	51630	0.422
2861	51640	0.646
2862	51650	0.497
2863	51660	0.5
2864	51670	0.629
2865	51678	0.518
2866	51680	0.488
2867	51683	0.366
2868	51685	0.346
2869	51690	0.647
2870	51700	0.496
2871	51710	0.534
2872	51720	0.575
2873	51730	0.636
2874	51735	0.397
2875	51740	0.546
2876	51750	0.675
2877	51760	0.524
2878	51770	0.456
2879	51775	0.394
2880	51790	0.546
2881	51800	0.45
2882	51810	0.366
2883	51820	0.483
2884	51830	0.564
2885	51840	0.41
2886	53001	0.475
2887	53003	0.555
2888	53005	0.367
2889	53007	0.462
2890	53009	0.425
2891	53011	0.46
2892	53013	0.533
2893	53015	0.491
2894	53017	0.366
2895	53019	0.616
2896	53021	0.389
2897	53023	0.46
2898	53025	0.468
2899	53027	0.483
2900	53029	0.345
2901	53031	0.479
2902	53033	0.374
2903	53035	0.31
2904	53037	0.515
2905	53039	0.393
2906	53041	0.498
2907	53043	0.477
2908	53045	0.46
2909	53047	0.522
2910	53049	0.604
2911	53051	0.497
2912	53053	0.456
2913	53055	0.379
2914	53057	0.39
2915	53059	0.602
2916	53061	0.415
2917	53063	0.451
2918	53065	0.477
2919	53067	0.435
2920	53069	0.383
2921	53071	0.442
2922	53073	0.419
2923	53075	0.626
2924	53077	0.447
2925	54001	0.66
2926	54003	0.381
2927	54005	0.575
2928	54007	0.665
2929	54009	0.443
2930	54011	0.573
2931	54013	0.624
2932	54015	0.748
2933	54017	0.553
2934	54019	0.632
2935	54021	0.637
2936	54023	0.538
2937	54025	0.566
2938	54027	0.659
2939	54029	0.54
2940	54031	0.564
2941	54033	0.53
2942	54035	0.495
2943	54037	0.37
2944	54039	0.441
2945	54041	0.516
2946	54043	0.607
2947	54045	0.598
2948	54047	0.749
2949	54049	0.526
2950	54051	0.575
2951	54053	0.582
2952	54055	0.577
2953	54057	0.676
2954	54059	0.644
2955	54061	0.529
2956	54063	0.558
2957	54065	0.496
2958	54067	0.626
2959	54069	0.519
2960	54071	0.635
2961	54073	0.572
2962	54075	0.601
2963	54077	0.496
2964	54079	0.443
2965	54081	0.556
2966	54083	0.565
2967	54085	0.626
2968	54087	0.705
2969	54089	0.677
2970	54091	0.604
2971	54093	0.635
2972	54095	0.55
2973	54097	0.583
2974	54099	0.615
2975	54101	0.713
2976	54103	0.616
2977	54105	0.435
2978	54107	0.522
2979	54109	0.721
2980	55001	0.44
2981	55003	0.556
2982	55005	0.486
2983	55007	0.453
2984	55009	0.384
2985	55011	0.487
2986	55013	0.505
2987	55015	0.337
2988	55017	0.433
2989	55019	0.499
2990	55021	0.368
2991	55023	0.559
2992	55025	0.32
2993	55027	0.393
2994	55029	0.424
2995	55031	0.442
2996	55033	0.442
2997	55035	0.48
2998	55037	0.452
2999	55039	0.401
3000	55041	0.552
3001	55043	0.469
3002	55045	0.438
3003	55047	0.453
3004	55049	0.42
3005	55051	0.565
3006	55053	0.438
3007	55055	0.372
3008	55057	0.491
3009	55059	0.546
3010	55061	0.487
3011	55063	0.418
3012	55065	0.441
3013	55067	0.507
3014	55069	0.48
3015	55071	0.451
3016	55073	0.428
3017	55075	0.546
3018	55077	0.503
3019	55078	0.603
3020	55079	0.422
3021	55081	0.399
3022	55083	0.46
3023	55085	0.473
3024	55087	0.379
3025	55089	0.309
3026	55091	0.493
3027	55093	0.518
3028	55095	0.423
3029	55097	0.453
3030	55099	0.503
3031	55101	0.402
3032	55103	0.511
3033	55105	0.397
3034	55107	0.547
3035	55109	0.471
3036	55111	0.431
3037	55113	0.502
3038	55115	0.465
3039	55117	0.386
3040	55119	0.525
3041	55121	0.444
3042	55123	0.494
3043	55125	0.496
3044	55127	0.405
3045	55129	0.509
3046	55131	0.311
3047	55133	0.3
3048	55135	0.389
3049	55137	0.506
3050	55139	0.405
3051	55141	0.477
3052	56001	0.497
3053	56003	0.44
3054	56005	0.214
3055	56007	0.308
3056	56009	0.329
3057	56011	0.302
3058	56013	0.452
3059	56015	0.403
3060	56017	0.398
3061	56019	0.401
3062	56021	0.366
3063	56023	0.309
3064	56025	0.336
3065	56027	0.513
3066	56029	0.344
3067	56031	0.529
3068	56033	0.419
3069	56035	0.333
3070	56037	0.307
3071	56039	0.286
3072	56041	0.423
3073	56043	0.514
3074	56045	0.401
